age,workclass,fnlwgt,education,educ_num,marital_status,occupation,relationship,race,sex,capital_gain,capital_loss,hrs_per_week,native_country
35,State-gov,456110,Bachelors,9,Married-civ-spouse,Sales,Own-child,White,Male,0,0,20,United-States
29,Private,158506,10th,4,Married-civ-spouse,Other-service,Not-in-family,White,Female,0,0,40,United-States
43,Private,228320,10th,9,Divorced,Craft-repair,Husband,Other,Male,0,0,48,Thailand
20,Private,248990,1st-4th,10,Widowed,Tech-support,Husband,White,Female,0,0,50,United-States
80,Private,137651,Some-college,9,Never-married,Machine-op-inspct,Husband,White,Male,0,0,16,United-States
21,Federal-gov,29762,HS-grad,15,Married-civ-spouse,Prof-specialty,Not-in-family,White,Female,0,0,50,United-States
28,Local-gov,177408,Bachelors,15,Divorced,Adm-clerical,Not-in-family,White,Male,0,0,44,Mexico
36,Private,176724,Some-college,9,Married-civ-spouse,Sales,Husband,White,Female,0,1564,40,United-States
35,Self-emp-inc,73493,HS-grad,6,Married-civ-spouse,Prof-specialty,Husband,White,Male,0,0,40,United-States
56,Private,261023,Some-college,9,Never-married,Handlers-cleaners,Husband,White,Male,0,0,40,United-States
17,Private,50053,10th,6,Married-civ-spouse,Priv-house-serv,Own-child,White,Female,4508,0,30,United-States
54,Federal-gov,151094,Bachelors,9,Never-married,,Husband,White,Female,0,0,40,United-States
38,Self-emp-inc,186943,HS-grad,2,Never-married,Exec-managerial,Husband,White,Female,0,0,40,
33,Self-emp-not-inc,303521,Bachelors,10,Never-married,Exec-managerial,Own-child,White,Female,0,0,25,United-States
17,Private,388625,HS-grad,10,Divorced,Handlers-cleaners,Husband,White,Male,0,1977,25,Cuba
31,Private,218490,HS-grad,9,Divorced,Prof-specialty,Wife,White,Male,0,0,40,India
43,Self-emp-not-inc,107231,HS-grad,9,Married-civ-spouse,Machine-op-inspct,Not-in-family,Black,Male,7298,0,42,United-States
32,Private,93225,9th,13,Never-married,Adm-clerical,Not-in-family,White,Female,0,0,60,United-States
24,Private,168675,11th,5,Divorced,Adm-clerical,Husband,White,Female,0,0,48,United-States
18,Private,113436,Bachelors,7,Married-civ-spouse,Exec-managerial,Own-child,Black,Female,0,0,99,United-States
25,Private,36020,Bachelors,10,Married-civ-spouse,Exec-managerial,Not-in-family,White,Female,0,0,30,United-States
66,Private,165922,HS-grad,13,Married-civ-spouse,Handlers-cleaners,Husband,White,Male,0,0,70,United-States
18,Private,186346,Bachelors,5,Married-civ-spouse,Other-service,Husband,White,Male,0,0,36,United-States
54,Private,265638,12th,9,Divorced,Prof-specialty,Unmarried,White,Male,0,0,40,United-States
36,Private,273194,11th,9,Married-civ-spouse,Prof-specialty,Husband,White,Female,2829,0,40,United-States
44,Private,115422,Bachelors,11,Never-married,Sales,Wife,White,Female,0,0,40,United-States
68,Private,162238,Some-college,13,Married-civ-spouse,Exec-managerial,Not-in-family,Black,Female,0,0,40,United-States
25,Private,34845,HS-grad,1,Never-married,Prof-specialty,Own-child,White,Male,0,0,40,United-States
61,Private,263982,Masters,9,Married-civ-spouse,Adm-clerical,Husband,White,Female,2977,0,70,United-States
52,Private,52537,Doctorate,9,Divorced,Exec-managerial,Not-in-family,White,Male,0,0,40,United-States
44,Private,271767,HS-grad,10,Never-married,Machine-op-inspct,Not-in-family,White,Male,0,0,60,United-States
65,Local-gov,193598,11th,12,Separated,Machine-op-inspct,Wife,White,Male,0,0,50,United-States
42,Private,145439,Bachelors,8,Married-civ-spouse,Prof-specialty,Not-in-family,White,Male,0,0,40,United-States
31,Private,212888,HS-grad,13,Never-married,Craft-repair,Husband,White,Male,0,0,40,United-States
34,Private,197918,Prof-school,9,Married-civ-spouse,Exec-managerial,Husband,White,Male,0,0,45,United-States
52,Private,82622,Bachelors,10,Married-civ-spouse,Craft-repair,Husband,White,Male,0,0,39,United-States
56,Federal-gov,389857,Some-college,15,Never-married,Adm-clerical,Husband,White,Male,3273,0,30,United-States
38,State-gov,146660,Bachelors,12,Never-married,Exec-managerial,Other-relative,White,Male,0,0,40,United-States
38,,257796,Bachelors,9,Divorced,Sales,Husband,White,Male,0,0,30,United-States
30,,236328,10th,13,Married-civ-spouse,Adm-clerical,Not-in-family,White,Female,0,0,40,United-States
78,Private,82628,Prof-school,13,Married-civ-spouse,Craft-repair,Own-child,White,Male,0,0,55,United-States
62,,202872,Some-college,13,Divorced,Farming-fishing,Not-in-family,White,Female,0,0,60,United-States
31,Private,214415,HS-grad,5,Never-married,Protective-serv,Husband,White,Male,0,0,35,United-States
49,Private,160035,Some-college,6,Married-civ-spouse,Prof-specialty,Unmarried,White,Male,0,0,25,United-States
22,Self-emp-not-inc,222756,Assoc-acdm,10,Married-civ-spouse,Craft-repair,Husband,White,Male,0,0,40,United-States
62,Private,113035,HS-grad,9,Married-civ-spouse,Exec-managerial,Other-relative,White,Male,0,0,40,United-States
34,Self-emp-not-inc,60412,9th,6,Married-civ-spouse,Adm-clerical,Husband,White,Male,0,0,45,United-States
39,Federal-gov,32878,Some-college,13,Never-married,Adm-clerical,Husband,White,Male,0,0,30,United-States
41,,371064,Some-college,16,Married-civ-spouse,Prof-specialty,Unmarried,White,Female,0,0,55,United-States
33,Private,399022,HS-grad,9,Married-civ-spouse,Handlers-cleaners,Husband,White,Male,0,0,40,United-States
34,Federal-gov,276624,HS-grad,4,Separated,Handlers-cleaners,Unmarried,White,Male,0,0,40,United-States
39,Local-gov,131180,Bachelors,9,Widowed,Tech-support,Wife,White,Male,0,0,40,United-States
25,,452402,Assoc-voc,9,Never-married,Adm-clerical,Other-relative,White,Female,0,0,40,United-States
64,Private,227282,Bachelors,11,Married-civ-spouse,Craft-repair,Not-in-family,White,Male,0,0,40,United-States
29,Private,182158,HS-grad,9,Never-married,Other-service,Husband,White,Male,0,0,40,United-States
29,Local-gov,190231,11th,10,Married-civ-spouse,Exec-managerial,Not-in-family,White,Male,0,0,50,United-States
45,State-gov,120724,HS-grad,4,Never-married,Handlers-cleaners,Husband,White,Female,0,0,40,United-States
33,Federal-gov,221172,HS-grad,10,Never-married,Craft-repair,Own-child,White,Male,0,0,50,Puerto-Rico
24,,266529,Some-college,13,Married-civ-spouse,Sales,Husband,White,Male,0,0,40,United-States
70,Private,123403,Some-college,10,Never-married,Prof-specialty,Husband,White,Male,1506,0,75,United-States
60,Private,140798,HS-grad,10,Never-married,Machine-op-inspct,Own-child,White,Male,0,0,40,United-States
26,Private,386136,HS-grad,9,Widowed,Other-service,Not-in-family,White,Male,0,0,60,United-States
41,Private,118847,Some-college,10,Married-civ-spouse,,Own-child,White,Male,0,0,50,United-States
76,,159910,Bachelors,9,Married-civ-spouse,Transport-moving,Unmarried,Black,Female,0,0,50,United-States
53,,172822,Assoc-acdm,12,Never-married,Craft-repair,Wife,White,Female,7298,0,30,United-States
64,Private,258561,Doctorate,4,Married-civ-spouse,Machine-op-inspct,Own-child,White,Male,4064,0,40,United-States
54,Self-emp-not-inc,103403,10th,9,Never-married,Exec-managerial,Husband,Black,Male,0,0,50,United-States
51,Private,116531,1st-4th,9,Never-married,Prof-specialty,Husband,White,Female,0,0,40,United-States
29,Private,164309,HS-grad,12,Married-civ-spouse,Other-service,Husband,White,Male,0,0,40,United-States
42,Private,242564,Some-college,13,Never-married,Exec-managerial,Own-child,White,Male,0,0,50,United-States
31,Private,99185,Bachelors,10,Never-married,Prof-specialty,Not-in-family,White,Female,0,0,40,United-States
42,State-gov,37215,Some-college,10,Married-civ-spouse,Other-service,Other-relative,White,Male,0,0,20,United-States
23,Private,213385,Some-college,9,Married-civ-spouse,Craft-repair,Own-child,White,Male,0,0,40,United-States
46,Private,410351,HS-grad,9,Never-married,Handlers-cleaners,Husband,White,Male,0,0,40,United-States
65,Self-emp-not-inc,219318,Bachelors,9,Divorced,Prof-specialty,Unmarried,White,Male,0,0,40,United-States
28,Self-emp-not-inc,217962,HS-grad,9,Married-civ-spouse,Other-service,Unmarried,White,Female,0,0,25,United-States
53,Private,124940,HS-grad,4,Married-civ-spouse,Craft-repair,Husband,White,Male,0,0,40,United-States
37,Private,139391,Some-college,9,Married-civ-spouse,Exec-managerial,Unmarried,White,Male,0,0,40,Mexico
25,Self-emp-not-inc,364782,Bachelors,4,Never-married,Machine-op-inspct,Husband,White,Male,0,0,8,United-States
40,Private,240356,HS-grad,9,Divorced,Prof-specialty,Husband,White,Female,0,0,40,United-States
49,Private,281021,HS-grad,12,Married-civ-spouse,Prof-specialty,Unmarried,White,Male,0,0,45,United-States
30,,214635,Some-college,10,Married-civ-spouse,Prof-specialty,Husband,White,Female,0,0,60,United-States
49,Private,225599,Assoc-voc,9,Married-civ-spouse,Other-service,Own-child,White,Female,0,0,45,United-States
36,Local-gov,188914,Assoc-voc,14,Married-civ-spouse,Transport-moving,Unmarried,Black,Female,0,0,40,El-Salvador
34,,91901,Prof-school,9,Married-civ-spouse,,Husband,White,Male,0,0,20,United-States
37,Private,115605,Some-college,9,Never-married,Sales,Wife,White,Male,0,0,40,United-States
40,State-gov,241857,Masters,11,Never-married,Tech-support,Husband,White,Male,3325,0,40,United-States
19,State-gov,412316,Some-college,14,Married-civ-spouse,,Husband,White,Male,0,0,30,United-States
65,Private,65545,HS-grad,10,Never-married,Craft-repair,Not-in-family,White,Female,0,0,40,United-States
44,Private,190682,Assoc-voc,9,Divorced,Craft-repair,Not-in-family,White,Male,15024,0,65,United-States
27,,57101,Some-college,10,Never-married,Machine-op-inspct,Unmarried,White,Male,0,0,40,United-States
26,Private,59342,Some-college,13,Married-civ-spouse,,Not-in-family,White,Male,0,0,60,United-States
59,Private,169180,HS-grad,13,Married-civ-spouse,Sales,Husband,White,Male,0,0,20,United-States
42,Private,199934,HS-grad,9,Never-married,Craft-repair,Husband,White,Male,0,0,25,United-States
53,Private,292962,HS-grad,4,Married-civ-spouse,Exec-managerial,Own-child,White,Female,0,0,45,United-States
23,Private,227832,7th-8th,12,Married-civ-spouse,Prof-specialty,Not-in-family,White,Female,0,0,40,United-States
56,Private,191188,HS-grad,10,Married-civ-spouse,Other-service,Not-in-family,White,Female,0,0,55,United-States
38,Private,179171,Bachelors,15,Married-civ-spouse,Prof-specialty,Not-in-family,White,Male,0,0,40,United-States
36,Private,122175,Masters,10,Married-civ-spouse,,Own-child,White,Male,0,0,20,United-States
56,Private,97082,Masters,10,Married-civ-spouse,Exec-managerial,Husband,White,Male,0,1887,50,United-States
19,Private,122215,Some-college,12,Never-married,Sales,Own-child,White,Male,0,0,35,United-States
24,Private,70447,Bachelors,13,Married-civ-spouse,Prof-specialty,Own-child,White,Male,0,0,72,United-States
34,Local-gov,125461,HS-grad,12,Never-married,Prof-specialty,Husband,White,Male,0,0,60,United-States
76,Private,78530,Bachelors,9,Never-married,Adm-clerical,Husband,White,Female,0,1980,37,United-States
43,Self-emp-not-inc,195835,Bachelors,14,Married-civ-spouse,Sales,Own-child,Black,Male,7688,1974,25,United-States
32,Private,284651,Some-college,11,Married-civ-spouse,,Not-in-family,White,Female,0,0,50,United-States
32,Private,222182,HS-grad,4,Never-married,Exec-managerial,Not-in-family,White,Male,15020,0,40,United-States
17,Private,204600,5th-6th,9,Never-married,Transport-moving,Unmarried,White,Female,0,0,50,United-States
44,Private,98215,Bachelors,13,Married-civ-spouse,,Not-in-family,White,Male,0,0,40,United-States
39,Self-emp-not-inc,28225,HS-grad,10,Married-civ-spouse,Transport-moving,Unmarried,White,Female,0,0,48,United-States
47,Private,141918,Some-college,13,Married-civ-spouse,Sales,Not-in-family,White,Male,0,0,20,United-States
43,,194773,7th-8th,9,Divorced,Sales,Own-child,White,Female,0,0,45,United-States
29,Private,187711,HS-grad,9,Married-civ-spouse,Farming-fishing,Own-child,White,Male,0,0,10,United-States
30,Private,186269,Bachelors,16,Married-civ-spouse,,Not-in-family,White,Male,0,0,30,United-States
35,Private,198759,Some-college,11,Never-married,Other-service,Husband,White,Male,3908,0,40,United-States
19,Self-emp-not-inc,165412,Some-college,12,Never-married,Machine-op-inspct,Husband,White,Male,0,0,25,United-States
18,Private,27886,HS-grad,7,Divorced,Exec-managerial,Other-relative,Black,Male,0,0,10,United-States
23,Private,606752,HS-grad,15,Married-civ-spouse,Craft-repair,Husband,Black,Female,0,0,35,United-States
36,Self-emp-not-inc,172307,HS-grad,13,Never-married,Farming-fishing,Not-in-family,White,Male,0,0,50,United-States
66,Private,235775,Some-college,14,Married-civ-spouse,Sales,Unmarried,White,Male,0,0,40,United-States
34,Private,218955,HS-grad,13,Never-married,,Husband,White,Male,0,0,65,United-States
50,Local-gov,121865,Some-college,9,Married-civ-spouse,Tech-support,Not-in-family,Asian-Pac-Islander,Male,0,0,65,United-States
40,Self-emp-not-inc,257735,HS-grad,12,Never-married,Adm-clerical,Other-relative,White,Male,0,0,40,United-States
49,Private,237943,Some-college,12,Never-married,Adm-clerical,Own-child,Black,Male,0,0,45,United-States
18,Private,190403,Some-college,10,Married-civ-spouse,Sales,Husband,White,Male,0,0,40,United-States
38,Federal-gov,165815,Bachelors,10,Married-civ-spouse,Sales,Husband,White,Male,0,0,40,United-States
32,Private,127139,Masters,10,Never-married,Tech-support,Husband,White,Male,0,0,20,United-States
40,State-gov,175935,Some-college,9,Never-married,Prof-specialty,Unmarried,Black,Male,0,1902,50,United-States
67,Self-emp-not-inc,221626,Some-college,4,Never-married,Adm-clerical,Husband,White,Female,0,0,40,United-States
48,Self-emp-not-inc,144798,Bachelors,9,Never-married,Transport-moving,Husband,White,Female,0,0,40,United-States
32,Private,116961,Assoc-voc,9,Never-married,Handlers-cleaners,Husband,White,Male,0,0,32,United-States
18,Private,171199,Some-college,13,Married-civ-spouse,Other-service,Husband,White,Female,0,0,38,India
34,Private,142912,Assoc-acdm,12,Never-married,Machine-op-inspct,Not-in-family,White,Male,0,0,16,United-States
46,Private,120781,HS-grad,10,Never-married,Other-service,Own-child,White,Male,0,0,40,Guatemala
59,Private,101509,Bachelors,11,Divorced,Adm-clerical,Not-in-family,White,Male,0,0,40,United-States
30,Private,290504,Some-college,6,Married-civ-spouse,Prof-specialty,Husband,White,Female,0,0,40,United-States
31,Private,236396,HS-grad,9,Never-married,Protective-serv,Not-in-family,Black,Male,0,0,40,United-States
22,Private,83425,Prof-school,10,Never-married,Craft-repair,Husband,White,Male,0,0,40,United-States
41,Private,159548,Assoc-voc,10,Married-civ-spouse,Handlers-cleaners,Not-in-family,White,Male,0,0,40,United-States
35,Private,191103,HS-grad,9,Married-civ-spouse,Craft-repair,Unmarried,Black,Male,0,0,40,United-States
60,Private,79448,Assoc-voc,6,Married-civ-spouse,,Not-in-family,White,Male,0,0,38,United-States
20,Private,234690,Masters,10,Married-civ-spouse,Exec-managerial,Husband,White,Female,0,0,50,United-States
23,Private,428584,Some-college,15,Never-married,Handlers-cleaners,Not-in-family,White,Female,0,0,40,Mexico
57,Private,26698,Some-college,10,Never-married,Craft-repair,Not-in-family,White,Female,0,0,40,United-States
26,Private,147700,HS-grad,10,Never-married,Adm-clerical,Husband,White,Female,0,0,40,United-States
38,Private,52386,Bachelors,9,Divorced,Transport-moving,Own-child,White,Male,0,0,30,United-States
22,Private,201204,HS-grad,10,Married-civ-spouse,Farming-fishing,Other-relative,White,Male,0,0,25,United-States
53,Self-emp-inc,105384,Bachelors,9,Married-civ-spouse,Craft-repair,Husband,White,Male,15024,0,12,United-States
43,Self-emp-not-inc,213720,HS-grad,13,Never-married,Transport-moving,Not-in-family,White,Male,0,0,40,United-States
28,Private,116952,HS-grad,14,Never-married,Craft-repair,Husband,White,Male,0,0,65,United-States
56,Private,71738,10th,9,Never-married,Machine-op-inspct,Wife,White,Male,0,0,60,United-States
34,Self-emp-not-inc,548256,Some-college,9,Married-civ-spouse,Sales,Not-in-family,White,Male,0,0,50,United-States
27,Private,57600,HS-grad,9,Married-civ-spouse,Adm-clerical,Not-in-family,White,Female,0,0,40,United-States
56,Private,106175,Some-college,14,Never-married,Exec-managerial,Husband,White,Male,0,0,40,United-States
26,Self-emp-not-inc,57233,Bachelors,10,Married-civ-spouse,Machine-op-inspct,Not-in-family,White,Female,0,0,48,Mexico
65,Private,303032,Assoc-acdm,9,Married-civ-spouse,,Husband,Black,Male,0,0,15,United-States
23,Private,148509,7th-8th,7,Never-married,Machine-op-inspct,Husband,White,Male,0,1485,30,United-States
68,,147397,Assoc-acdm,13,Never-married,Craft-repair,Own-child,White,Male,0,0,50,United-States
41,State-gov,159841,Some-college,11,Married-civ-spouse,Tech-support,Unmarried,White,Female,0,0,72,United-States
44,Federal-gov,231160,HS-grad,9,Widowed,Sales,Husband,White,Male,0,0,2,United-States
50,Self-emp-not-inc,340917,Bachelors,11,Married-civ-spouse,Handlers-cleaners,Own-child,White,Male,0,0,30,United-States
33,Private,336707,Bachelors,9,Married-civ-spouse,Sales,Own-child,White,Male,0,0,48,United-States
63,Private,44489,Bachelors,13,Married-civ-spouse,Sales,Husband,White,Male,0,0,40,United-States
58,Private,54042,Bachelors,12,Married-civ-spouse,Sales,Not-in-family,Asian-Pac-Islander,Male,0,0,40,United-States
36,,149700,Bachelors,10,Never-married,Craft-repair,Husband,White,Male,0,1902,58,United-States
19,State-gov,205852,Assoc-acdm,13,Married-civ-spouse,Protective-serv,Husband,White,Male,0,0,40,United-States
37,Private,200734,10th,3,Widowed,Adm-clerical,Husband,Black,Female,0,0,10,United-States
26,,358975,HS-grad,9,Divorced,Exec-managerial,Own-child,White,Female,0,0,40,United-States
42,Private,286452,10th,10,Never-married,Exec-managerial,Husband,White,Male,0,0,40,United-States
41,Private,159191,10th,7,Never-married,Other-service,Not-in-family,White,Female,0,0,40,
37,Private,102684,HS-grad,13,Married-civ-spouse,Craft-repair,Unmarried,White,Female,0,0,40,United-States
32,,248876,Bachelors,7,Married-civ-spouse,Craft-repair,Husband,White,Male,0,0,40,United-States
33,Federal-gov,204900,Some-college,13,Never-married,Other-service,Own-child,White,Female,0,0,20,
24,Private,234263,Bachelors,13,Divorced,Sales,Husband,White,Male,0,0,40,United-States
52,Private,228860,HS-grad,14,Separated,Prof-specialty,Unmarried,White,Female,0,0,10,China
43,Private,225507,HS-grad,4,Married-civ-spouse,Exec-managerial,Husband,White,Female,0,0,45,
50,State-gov,100579,Masters,10,Never-married,Craft-repair,Husband,White,Female,0,0,40,United-States
29,Self-emp-not-inc,114520,Masters,12,Married-civ-spouse,Machine-op-inspct,Husband,White,Male,0,0,55,United-States
52,Private,138153,HS-grad,14,Married-civ-spouse,Sales,Not-in-family,White,Female,0,0,40,United-States
43,State-gov,167832,Bachelors,9,Never-married,Machine-op-inspct,Own-child,Amer-Indian-Eskimo,Female,7688,0,40,United-States
42,Private,203463,HS-grad,11,Never-married,Sales,Not-in-family,White,Male,0,0,24,United-States
26,Federal-gov,148644,Bachelors,9,Never-married,Sales,Unmarried,White,Male,0,0,35,United-States
18,Private,169809,Doctorate,5,Never-married,Adm-clerical,Wife,Black,Female,0,0,40,United-States
21,State-gov,201490,HS-grad,10,Married-civ-spouse,,Not-in-family,White,Male,0,0,60,United-States
44,,41183,HS-grad,9,Married-civ-spouse,Exec-managerial,Not-in-family,White,Male,0,0,40,United-States
42,Self-emp-not-inc,81853,9th,10,Never-married,Craft-repair,Husband,White,Female,0,0,10,United-States
35,Private,88913,Bachelors,14,Never-married,Sales,Husband,White,Female,0,0,40,United-States
20,Private,288020,Some-college,13,Married-civ-spouse,,Husband,White,Male,0,0,10,United-States
46,Private,301814,Assoc-voc,13,Married-civ-spouse,Prof-specialty,Husband,White,Male,0,0,48,United-States
48,Private,38795,Prof-school,10,Widowed,Adm-clerical,Husband,White,Male,0,0,48,United-States
41,Private,92792,Some-college,13,Never-married,Exec-managerial,Unmarried,White,Male,0,0,38,United-States
21,Private,604045,Some-college,13,Married-civ-spouse,,Own-child,White,Male,0,2001,84,United-States
52,Private,183620,HS-grad,9,Never-married,Transport-moving,Husband,Black,Male,3103,1977,25,United-States
32,Private,150999,Some-college,10,Married-civ-spouse,Machine-op-inspct,Not-in-family,Black,Female,0,0,40,United-States
26,Private,163003,HS-grad,7,Divorced,Adm-clerical,Own-child,White,Male,3103,0,40,United-States
30,,35429,HS-grad,10,Divorced,Other-service,Unmarried,White,Male,0,0,40,
42,Private,225124,HS-grad,9,Widowed,Exec-managerial,Wife,White,Male,0,0,40,United-States
51,State-gov,129305,Some-college,10,Married-civ-spouse,Sales,Not-in-family,White,Male,0,0,40,United-States
22,Private,124744,Assoc-acdm,13,Married-civ-spouse,Other-service,Not-in-family,White,Male,594,0,40,United-States
42,,259307,Prof-school,13,Married-civ-spouse,Prof-specialty,Husband,White,Female,0,0,48,
24,Private,114605,HS-grad,15,Never-married,Priv-house-serv,Husband,White,Male,0,0,80,United-States
37,Federal-gov,53260,Some-college,9,Divorced,Other-service,Husband,White,Male,0,0,40,United-States
32,Private,188669,Some-college,14,Married-civ-spouse,Machine-op-inspct,Husband,Black,Male,0,0,40,United-States
36,Private,102615,Bachelors,9,Married-spouse-absent,Sales,Not-in-family,White,Male,0,0,48,United-States
65,Private,310158,HS-grad,10,Married-civ-spouse,Sales,Not-in-family,White,Female,0,0,40,United-States
34,Private,198097,10th,13,Married-civ-spouse,Exec-managerial,Husband,White,Female,0,1579,10,United-States
21,Private,237943,Bachelors,13,Married-civ-spouse,Protective-serv,Husband,White,Male,0,0,40,United-States
23,Private,128272,Some-college,10,Married-civ-spouse,Farming-fishing,Husband,White,Male,0,0,8,United-States
47,Self-emp-not-inc,25386,HS-grad,10,Never-married,Other-service,Husband,White,Male,0,0,40,United-States
40,Private,480717,Masters,13,Married-civ-spouse,Exec-managerial,Wife,White,Male,0,0,40,United-States
68,Self-emp-not-inc,31493,HS-grad,10,Never-married,Sales,Husband,White,Male,0,0,60,Canada
20,Private,566049,Bachelors,10,Married-civ-spouse,Craft-repair,Husband,White,Female,0,0,50,United-States
40,Private,32121,HS-grad,13,Married-civ-spouse,Exec-managerial,Husband,Black,Male,0,0,40,United-States
61,Private,276515,HS-grad,13,Never-married,Other-service,Husband,White,Female,0,0,40,United-States
42,Local-gov,195189,HS-grad,13,Never-married,Adm-clerical,Not-in-family,Black,Male,0,0,27,United-States
20,Private,111499,Masters,7,Married-civ-spouse,Exec-managerial,Husband,White,Female,0,0,25,United-States
34,Private,153148,HS-grad,9,Separated,Exec-managerial,Not-in-family,White,Male,0,0,40,United-States
22,,175431,Some-college,11,Married-civ-spouse,Sales,Not-in-family,White,Male,0,0,90,United-States
38,Private,336543,Some-college,9,Never-married,Sales,Own-child,White,Female,0,0,40,United-States
31,Private,346963,HS-grad,5,Married-civ-spouse,Exec-managerial,Husband,White,Female,0,0,40,United-States
22,Private,108960,Some-college,10,Married-civ-spouse,Sales,Own-child,White,Female,15024,0,40,United-States
33,Private,188195,Some-college,12,Married-civ-spouse,Sales,Husband,White,Male,0,0,80,France
47,State-gov,146908,HS-grad,9,Married-civ-spouse,Other-service,Not-in-family,White,Male,7688,0,35,United-States
67,,236180,Masters,5,Never-married,Other-service,Not-in-family,White,Male,0,0,40,Mexico
57,Self-emp-inc,71592,Some-college,10,Married-civ-spouse,Exec-managerial,Not-in-family,Black,Female,0,0,40,United-States
38,Private,148995,Some-college,13,Married-civ-spouse,Machine-op-inspct,Not-in-family,White,Male,0,0,40,United-States
24,Private,214781,Bachelors,9,Separated,Tech-support,Own-child,White,Male,0,0,45,United-States
19,Private,113151,Some-college,9,Widowed,Exec-managerial,Not-in-family,White,Male,0,0,55,United-States
46,Self-emp-inc,239321,HS-grad,9,Never-married,Other-service,Husband,White,Male,0,0,40,United-States
54,Private,116531,HS-grad,9,Married-civ-spouse,Sales,Husband,White,Male,0,0,20,United-States
51,Self-emp-not-inc,253642,Bachelors,13,Divorced,Farming-fishing,Husband,White,Female,0,1887,36,Mexico
35,Federal-gov,285854,HS-grad,13,Married-civ-spouse,Prof-specialty,Husband,White,Male,0,0,43,United-States
27,Local-gov,20469,11th,9,Never-married,Farming-fishing,Own-child,White,Female,0,0,40,United-States
29,,31350,Masters,11,Never-married,Adm-clerical,Own-child,White,Male,0,0,40,United-States
47,Federal-gov,225605,HS-grad,9,Never-married,Adm-clerical,Unmarried,White,Male,0,0,30,United-States
23,Private,302836,Some-college,13,Married-civ-spouse,Craft-repair,Not-in-family,Asian-Pac-Islander,Female,0,0,40,Puerto-Rico
36,Private,175777,7th-8th,10,Never-married,Sales,Unmarried,White,Female,15024,0,50,United-States
61,Self-emp-not-inc,137390,9th,9,Never-married,Prof-specialty,Not-in-family,White,Female,0,0,60,Vietnam
22,Self-emp-inc,172032,Bachelors,10,Never-married,,Husband,Black,Male,0,0,40,Puerto-Rico
26,Private,58798,Some-college,16,Married-civ-spouse,Prof-specialty,Husband,White,Male,0,0,40,United-States
43,Private,284616,Some-college,14,Never-married,Adm-clerical,Husband,Black,Male,0,1504,32,United-States
41,,273929,HS-grad,10,Married-civ-spouse,Sales,Husband,White,Female,0,0,40,United-States
25,Private,529216,Bachelors,9,Married-civ-spouse,Sales,Husband,White,Female,0,0,20,United-States
37,Private,187746,Masters,6,Never-married,Prof-specialty,Husband,White,Female,0,0,40,United-States
34,State-gov,185647,HS-grad,13,Never-married,Prof-specialty,Husband,White,Male,0,0,40,United-States
47,Private,244473,Assoc-voc,9,Married-civ-spouse,Exec-managerial,Own-child,White,Male,0,0,25,United-States
37,Private,28848,7th-8th,12,Never-married,Craft-repair,Husband,White,Female,0,0,50,United-States
32,Self-emp-not-inc,175017,7th-8th,13,Married-civ-spouse,Adm-clerical,Own-child,Black,Female,0,0,66,United-States
41,Federal-gov,202959,9th,9,Married-civ-spouse,Craft-repair,Husband,White,Male,0,0,35,United-States
49,Self-emp-inc,216724,Bachelors,13,Married-civ-spouse,Prof-specialty,Husband,White,Male,0,1741,40,United-States
19,Local-gov,229180,HS-grad,14,Married-civ-spouse,Handlers-cleaners,Husband,White,Female,0,0,48,United-States
47,Private,177639,Bachelors,13,Never-married,Craft-repair,Unmarried,White,Male,0,0,60,United-States
46,Private,203763,Masters,9,Divorced,Other-service,Husband,Black,Male,0,0,40,El-Salvador
45,Private,41794,Some-college,9,Never-married,Prof-specialty,Husband,White,Male,0,0,55,United-States
73,State-gov,295289,Some-college,2,Married-civ-spouse,Prof-specialty,Own-child,White,Female,7688,0,50,United-States
22,Local-gov,19302,Masters,10,Never-married,Tech-support,Own-child,White,Female,0,0,42,United-States
44,Private,168901,HS-grad,7,Never-married,Exec-managerial,Unmarried,Black,Male,0,0,40,United-States
20,Private,188923,HS-grad,6,Separated,Transport-moving,Husband,Black,Male,0,0,35,United-States
44,Private,171236,7th-8th,9,Married-civ-spouse,Prof-specialty,Husband,White,Female,0,0,40,United-States
35,Private,166880,Some-college,13,Never-married,Prof-specialty,Unmarried,Black,Male,0,0,40,United-States
27,Private,154548,Some-college,15,Married-civ-spouse,Machine-op-inspct,Husband,Black,Male,4386,0,55,United-States
36,Self-emp-inc,199741,Some-college,9,Divorced,Machine-op-inspct,Own-child,White,Male,3103,0,40,United-States
47,State-gov,119075,Some-college,10,Married-civ-spouse,Handlers-cleaners,Husband,White,Female,0,0,45,United-States
51,Self-emp-inc,45891,Assoc-voc,8,Married-civ-spouse,Exec-managerial,Husband,Black,Male,0,2603,40,United-States
18,Private,165278,HS-grad,4,Married-civ-spouse,Craft-repair,Not-in-family,White,Female,0,0,55,Mexico
61,Private,85815,Some-college,13,Never-married,Adm-clerical,Husband,White,Male,0,0,40,United-States
24,State-gov,104993,HS-grad,10,Married-civ-spouse,Protective-serv,Husband,Black,Male,0,0,40,United-States
41,Private,207385,HS-grad,9,Divorced,Other-service,Husband,White,Male,0,0,40,United-States
46,Self-emp-not-inc,310525,Some-college,10,Married-civ-spouse,Transport-moving,Husband,White,Female,0,0,40,United-States
47,Private,159897,Some-college,9,Married-civ-spouse,Sales,Not-in-family,White,Female,0,0,10,United-States
49,Private,242391,Some-college,9,Divorced,Exec-managerial,Own-child,White,Female,4865,0,55,United-States
51,Private,124187,HS-grad,9,Married-civ-spouse,Other-service,Husband,Black,Male,0,0,55,United-States
49,Private,241805,Some-college,9,Married-spouse-absent,Craft-repair,Own-child,White,Female,0,0,50,United-States
55,Private,234652,Some-college,13,Married-civ-spouse,Craft-repair,Husband,White,Female,0,0,40,United-States
36,,172327,HS-grad,9,Never-married,Machine-op-inspct,Not-in-family,White,Female,0,0,40,United-States
49,Private,414812,HS-grad,9,Married-civ-spouse,Handlers-cleaners,Husband,White,Male,0,0,50,United-States
37,Private,82497,HS-grad,11,Never-married,Prof-specialty,Husband,White,Male,0,0,60,United-States
21,Local-gov,241895,Prof-school,14,Never-married,Exec-managerial,Husband,White,Male,0,0,55,United-States
25,Private,150125,Masters,13,Married-civ-spouse,Farming-fishing,Not-in-family,White,Male,0,0,24,United-States
29,Private,23789,10th,10,Never-married,Other-service,Husband,Amer-Indian-Eskimo,Male,0,0,40,United-States
62,Private,222529,Masters,7,Never-married,Other-service,Unmarried,White,Female,0,0,40,United-States
37,Private,126125,12th,9,Never-married,Craft-repair,Husband,White,Male,0,0,10,United-States
37,Private,200246,Some-college,9,Married-civ-spouse,Machine-op-inspct,Not-in-family,White,Male,0,0,40,United-States
28,Local-gov,278114,HS-grad,16,Married-civ-spouse,Other-service,Not-in-family,White,Male,0,0,40,United-States
49,Private,195486,Bachelors,13,Widowed,Other-service,Husband,White,Male,0,2444,40,United-States
52,Private,117605,HS-grad,13,Married-civ-spouse,Other-service,Not-in-family,White,Male,0,0,40,United-States
50,Self-emp-inc,150726,Some-college,7,Never-married,Other-service,Unmarried,White,Male,0,0,42,China
18,Private,156623,HS-grad,9,Married-civ-spouse,Sales,Not-in-family,White,Female,0,0,40,United-States
32,Private,244214,10th,9,Never-married,Exec-managerial,Own-child,White,Male,0,0,40,El-Salvador
23,Private,178615,HS-grad,10,Divorced,Prof-specialty,Not-in-family,White,Female,0,0,40,United-States
34,Federal-gov,266635,Assoc-voc,4,Never-married,Exec-managerial,Husband,White,Female,0,0,50,Canada
59,Private,183096,HS-grad,9,Divorced,Craft-repair,Own-child,White,Male,0,0,60,United-States
37,Private,139126,Bachelors,9,Married-civ-spouse,,Own-child,White,Male,0,0,40,United-States
52,Private,137314,Doctorate,12,Never-married,Adm-clerical,Own-child,White,Female,0,0,30,United-States
35,Private,353213,Bachelors,9,Married-civ-spouse,Adm-clerical,Not-in-family,White,Male,0,0,40,Cuba
46,Self-emp-inc,385632,7th-8th,13,Divorced,Craft-repair,Own-child,White,Male,0,0,35,United-States
27,Private,117605,Some-college,11,Divorced,Craft-repair,Unmarried,White,Female,0,0,50,Dominican-Republic
21,Private,118230,Some-college,9,Never-married,,Not-in-family,White,Male,2062,0,20,Guatemala
49,Private,268840,Prof-school,10,Divorced,Exec-managerial,Husband,White,Male,0,1848,40,United-States
43,Private,183854,HS-grad,15,Divorced,Craft-repair,Not-in-family,Black,Female,0,0,16,United-States
35,,431861,Bachelors,13,Widowed,Sales,Husband,White,Female,0,0,40,United-States
47,,86643,Masters,9,Married-civ-spouse,Exec-managerial,Own-child,White,Male,0,0,50,United-States
53,Private,162094,Bachelors,7,Married-civ-spouse,Exec-managerial,Unmarried,White,Female,0,0,40,United-States
54,Self-emp-inc,418405,HS-grad,11,Never-married,Sales,Not-in-family,White,Male,0,0,40,United-States
38,Private,115895,Bachelors,10,Married-civ-spouse,Adm-clerical,Not-in-family,White,Male,0,0,40,United-States
34,Private,204447,10th,10,Married-civ-spouse,Protective-serv,Husband,White,Male,0,0,40,United-States
34,Self-emp-inc,174201,HS-grad,13,Married-civ-spouse,Sales,Husband,White,Female,0,0,45,United-States
24,Private,179772,HS-grad,10,Widowed,,Husband,White,Female,0,0,40,United-States
33,Local-gov,456062,HS-grad,13,Divorced,Adm-clerical,Not-in-family,White,Female,0,0,40,United-States
26,Private,184837,Bachelors,9,Married-civ-spouse,Sales,Not-in-family,White,Male,0,0,24,
33,Private,193524,HS-grad,10,Married-civ-spouse,Craft-repair,Own-child,White,Female,0,0,80,United-States
76,Private,281030,HS-grad,13,Married-civ-spouse,Transport-moving,Husband,White,Female,0,0,50,United-States
36,Local-gov,249909,Masters,9,Never-married,Prof-specialty,Husband,White,Female,0,0,52,United-States
55,Local-gov,182136,HS-grad,10,Widowed,Craft-repair,Husband,White,Female,0,0,40,United-States
53,Private,137578,Bachelors,13,Widowed,Sales,Husband,White,Male,0,0,35,United-States
32,Self-emp-not-inc,227778,Some-college,10,Widowed,Craft-repair,Other-relative,Asian-Pac-Islander,Male,0,0,60,United-States
25,Private,226296,Some-college,13,Married-civ-spouse,Prof-specialty,Not-in-family,White,Male,0,0,40,United-States
44,Private,171114,Some-college,9,Never-married,Craft-repair,Not-in-family,White,Male,0,0,60,South
22,Private,164190,Some-college,9,Divorced,Adm-clerical,Own-child,Amer-Indian-Eskimo,Male,0,0,40,United-States
35,State-gov,157568,Masters,10,Never-married,Sales,Husband,White,Male,0,0,40,Portugal
33,Self-emp-not-inc,280422,Some-college,13,Married-civ-spouse,Craft-repair,Husband,White,Female,0,0,38,United-States
43,Self-emp-not-inc,270985,Some-college,9,Married-civ-spouse,Prof-specialty,Not-in-family,White,Male,0,0,40,United-States
24,Self-emp-inc,146813,HS-grad,10,Separated,Craft-repair,Unmarried,White,Male,0,0,40,United-States
21,Private,136306,HS-grad,13,Married-civ-spouse,Farming-fishing,Own-child,White,Male,0,0,48,United-States
22,Private,248776,12th,9,Never-married,Craft-repair,Wife,White,Male,0,0,45,United-States
26,Private,130126,Some-college,4,Never-married,Protective-serv,Not-in-family,Black,Female,0,0,40,United-States
72,Private,191161,Bachelors,9,Never-married,Prof-specialty,Not-in-family,White,Male,0,0,37,United-States
44,Local-gov,403433,HS-grad,14,Never-married,Machine-op-inspct,Own-child,White,Male,0,0,40,
23,Self-emp-not-inc,107164,Masters,10,Divorced,Adm-clerical,Own-child,White,Female,0,0,40,United-States
30,Private,123343,Some-college,7,Never-married,Craft-repair,Husband,White,Male,0,0,98,United-States
35,Local-gov,130454,Some-college,10,Divorced,Machine-op-inspct,Not-in-family,Black,Female,0,0,3,United-States
46,Private,118712,Some-college,6,Married-civ-spouse,Other-service,Not-in-family,White,Male,0,0,35,United-States
37,Private,168139,HS-grad,13,Never-married,Prof-specialty,Husband,Black,Male,0,0,25,Mexico
27,Private,41356,HS-grad,9,Never-married,Exec-managerial,Husband,White,Male,0,0,40,United-States
62,Federal-gov,365411,Bachelors,14,Never-married,Transport-moving,Not-in-family,White,Female,8614,0,40,Mexico
27,Private,110151,HS-grad,4,Married-civ-spouse,Exec-managerial,Own-child,White,Female,99999,0,20,Jamaica
44,,343403,HS-grad,13,Never-married,Handlers-cleaners,Husband,White,Male,0,0,50,United-States
17,,277488,Masters,11,Married-civ-spouse,Exec-managerial,Not-in-family,White,Male,0,0,40,
45,Private,196742,Some-college,13,Never-married,,Not-in-family,Asian-Pac-Islander,Female,0,0,45,United-States
46,Private,179446,Masters,9,Married-civ-spouse,Exec-managerial,Not-in-family,White,Male,3325,0,48,United-States
51,Private,166851,Bachelors,9,Never-married,Exec-managerial,Husband,White,Male,0,0,40,Vietnam
34,Private,88126,Masters,9,Divorced,Craft-repair,Husband,White,Male,15024,0,25,United-States
34,Private,203637,11th,9,Divorced,Prof-specialty,Own-child,White,Female,0,0,40,United-States
62,Private,217921,HS-grad,10,Married-civ-spouse,Exec-managerial,Not-in-family,Black,Female,0,0,35,United-States
55,Private,190964,11th,10,Divorced,,Own-child,White,Male,0,0,40,United-States
32,Private,61343,HS-grad,9,Never-married,Transport-moving,Husband,White,Male,2050,0,70,United-States
28,Self-emp-inc,53367,Bachelors,14,Married-civ-spouse,Transport-moving,Husband,Asian-Pac-Islander,Male,0,1762,40,United-States
37,Private,209507,Assoc-voc,9,Divorced,Exec-managerial,Husband,White,Male,0,0,20,United-States
64,Private,144592,Bachelors,4,Divorced,Transport-moving,Husband,White,Male,0,0,60,United-States
19,Private,346964,Assoc-acdm,13,Married-civ-spouse,,Husband,White,Male,0,2392,40,
52,Private,122066,Bachelors,13,Never-married,Protective-serv,Own-child,White,Male,0,0,35,United-States
30,Local-gov,148294,Some-college,13,Married-civ-spouse,Adm-clerical,Other-relative,White,Female,0,0,40,United-States
32,Private,285020,Bachelors,14,Married-civ-spouse,Tech-support,Unmarried,Amer-Indian-Eskimo,Female,0,0,70,United-States
33,Private,157466,Assoc-acdm,14,Never-married,Adm-clerical,Husband,White,Male,0,0,99,United-States
27,Private,549430,Some-college,10,Married-civ-spouse,Other-service,Husband,White,Female,0,0,50,United-States
34,Self-emp-not-inc,152629,11th,6,Separated,Prof-specialty,Husband,White,Male,0,2824,55,United-States
53,Private,123984,HS-grad,9,Divorced,Craft-repair,Unmarried,White,Male,0,0,40,United-States
33,Self-emp-not-inc,181705,5th-6th,16,Married-civ-spouse,Exec-managerial,Husband,White,Male,0,0,40,Philippines
37,Private,141802,HS-grad,13,Married-civ-spouse,Adm-clerical,Husband,White,Female,0,0,45,United-States
23,Private,258298,Some-college,10,Never-married,Sales,Not-in-family,White,Female,0,0,50,United-States
54,Private,548256,Bachelors,10,Married-civ-spouse,Craft-repair,Not-in-family,White,Female,0,0,40,United-States
17,Private,399155,HS-grad,9,Married-civ-spouse,Prof-specialty,Own-child,White,Male,0,0,40,United-States
25,,377486,HS-grad,9,Married-civ-spouse,Handlers-cleaners,Husband,Other,Male,0,0,40,United-States
51,Self-emp-not-inc,224520,Bachelors,5,Married-civ-spouse,Exec-managerial,Husband,White,Female,0,0,60,United-States
51,State-gov,138192,Bachelors,7,Never-married,Priv-house-serv,Husband,White,Male,0,0,40,United-States
30,Private,127384,9th,9,Divorced,Craft-repair,Not-in-family,Amer-Indian-Eskimo,Male,0,0,15,United-States
60,Private,174717,1st-4th,10,Married-civ-spouse,Prof-specialty,Not-in-family,White,Female,0,0,40,United-States
37,Self-emp-not-inc,335625,Masters,7,Never-married,Other-service,Unmarried,White,Male,0,0,48,United-States
42,Private,222205,Some-college,13,Married-civ-spouse,Other-service,Husband,White,Male,0,0,40,United-States
33,Private,207665,HS-grad,9,Divorced,Machine-op-inspct,Husband,White,Male,0,0,40,United-States
35,Local-gov,223212,11th,8,Married-civ-spouse,Adm-clerical,Wife,White,Male,3464,0,37,United-States
52,Private,586657,Some-college,9,Married-civ-spouse,Adm-clerical,Not-in-family,White,Female,0,0,45,United-States
61,Private,111415,Bachelors,2,Never-married,Sales,Own-child,White,Female,0,0,40,United-States
57,,90969,Some-college,13,Never-married,Exec-managerial,Husband,White,Male,0,4356,52,United-States
17,State-gov,174395,Bachelors,13,Never-married,Sales,Not-in-family,White,Female,4650,0,50,United-States
46,Private,436861,11th,9,Divorced,Other-service,Husband,White,Male,0,0,40,Jamaica
55,Self-emp-not-inc,256062,Assoc-acdm,7,Never-married,Craft-repair,Husband,White,Male,0,0,30,United-States
18,Private,42984,HS-grad,9,Married-civ-spouse,Adm-clerical,Own-child,White,Female,0,0,18,United-States
23,Private,43348,Some-college,13,Married-civ-spouse,Exec-managerial,Husband,White,Male,0,0,40,United-States
31,Private,182128,Some-college,13,Married-civ-spouse,Transport-moving,Husband,White,Male,0,0,36,United-States
72,Private,76144,Masters,9,Married-civ-spouse,Priv-house-serv,Own-child,White,Female,0,0,40,United-States
51,Private,102191,HS-grad,9,Divorced,Farming-fishing,Not-in-family,White,Female,0,0,25,United-States
36,Private,183801,Bachelors,9,Married-civ-spouse,Transport-moving,Not-in-family,White,Male,0,0,40,United-States
27,Federal-gov,274689,Bachelors,7,Married-civ-spouse,,Husband,Black,Male,0,0,40,United-States
46,Private,275051,HS-grad,15,Married-civ-spouse,Prof-specialty,Not-in-family,White,Male,0,1977,50,United-States
34,Self-emp-not-inc,222504,HS-grad,14,Never-married,Adm-clerical,Own-child,White,Male,0,0,40,United-States
46,Private,258735,Some-college,14,Married-civ-spouse,Other-service,Own-child,White,Male,0,0,50,Italy
35,Private,249332,HS-grad,5,Widowed,Machine-op-inspct,Not-in-family,Amer-Indian-Eskimo,Male,0,0,45,United-States
34,Private,335005,HS-grad,14,Married-civ-spouse,Protective-serv,Unmarried,Black,Male,0,0,40,Mexico
18,Private,207676,Some-college,13,Divorced,,Husband,White,Male,0,0,40,United-States
26,Private,205852,HS-grad,6,Never-married,Other-service,Not-in-family,White,Male,0,0,40,United-States
47,Federal-gov,144165,Assoc-acdm,13,Never-married,Machine-op-inspct,Own-child,White,Male,0,0,50,United-States
35,Private,195148,Some-college,10,Married-civ-spouse,Adm-clerical,Own-child,White,Male,0,0,60,United-States
46,Private,312055,HS-grad,14,Married-civ-spouse,Handlers-cleaners,Husband,White,Male,0,0,60,United-States
31,Private,167476,Some-college,9,Never-married,Handlers-cleaners,Not-in-family,White,Male,0,0,40,United-States
54,Private,192182,Bachelors,9,Divorced,Prof-specialty,Wife,White,Female,0,0,50,Mexico
32,Private,205246,Bachelors,14,Divorced,Transport-moving,Unmarried,White,Male,0,0,70,United-States
32,Private,125461,HS-grad,11,Married-civ-spouse,Other-service,Own-child,White,Female,0,0,15,United-States
28,Federal-gov,330144,Some-college,10,Never-married,Sales,Husband,Asian-Pac-Islander,Male,0,0,40,United-States
56,Self-emp-inc,36601,11th,10,Married-civ-spouse,,Husband,White,Male,0,0,43,India
37,Federal-gov,171231,HS-grad,9,Never-married,Handlers-cleaners,Husband,Black,Male,0,0,40,United-States
57,Private,202729,Some-college,9,Married-civ-spouse,Handlers-cleaners,Other-relative,White,Male,0,0,35,United-States
76,Private,97521,HS-grad,10,Never-married,Prof-specialty,Own-child,White,Female,0,0,12,United-States
52,Private,37088,HS-grad,13,Never-married,Other-service,Husband,Black,Male,0,0,35,United-States
42,Private,34374,HS-grad,10,Married-civ-spouse,Exec-managerial,Own-child,White,Male,0,0,55,United-States
39,,87560,Bachelors,10,Married-civ-spouse,Other-service,Own-child,White,Male,0,0,50,United-States
20,Private,213140,HS-grad,10,Never-married,Adm-clerical,Own-child,White,Female,0,0,50,Mexico
57,Local-gov,48093,9th,9,Never-married,Protective-serv,Not-in-family,White,Male,15024,0,55,United-States
32,Self-emp-not-inc,331615,HS-grad,10,Never-married,Craft-repair,Not-in-family,White,Male,0,0,40,United-States
50,Private,112847,Bachelors,15,Never-married,Farming-fishing,Husband,Asian-Pac-Islander,Male,14344,0,40,United-States
37,Self-emp-not-inc,261688,Some-college,8,Married-civ-spouse,Exec-managerial,Other-relative,White,Female,0,0,40,United-States
61,Private,171438,HS-grad,13,Married-civ-spouse,Adm-clerical,Wife,White,Male,0,0,50,United-States
32,Private,146767,Some-college,13,Never-married,Other-service,Unmarried,White,Male,0,0,42,United-States
41,Private,177147,HS-grad,13,Never-married,Tech-support,Husband,White,Male,0,0,48,United-States
24,Private,172949,1st-4th,16,Married-civ-spouse,Handlers-cleaners,Husband,White,Male,0,0,43,United-States
51,Private,102476,Bachelors,15,Married-civ-spouse,Sales,Husband,White,Female,0,0,40,United-States
27,Private,795830,HS-grad,6,Separated,Exec-managerial,Own-child,White,Male,0,0,40,United-States
44,Self-emp-not-inc,188172,Bachelors,13,Never-married,Handlers-cleaners,Unmarried,Amer-Indian-Eskimo,Male,0,0,25,United-States
38,Private,219086,Bachelors,10,Never-married,Other-service,Husband,White,Male,0,0,36,United-States
63,Private,87054,HS-grad,3,Divorced,Tech-support,Husband,White,Female,0,0,40,
25,Private,275778,HS-grad,9,Married-civ-spouse,Other-service,Husband,Amer-Indian-Eskimo,Male,0,0,50,Germany
28,Federal-gov,206051,HS-grad,12,Never-married,Adm-clerical,Not-in-family,White,Male,0,0,35,United-States
21,Self-emp-inc,122385,Assoc-acdm,4,Never-married,Exec-managerial,Husband,White,Female,0,0,40,United-States
45,Private,194636,11th,10,Never-married,Protective-serv,Husband,White,Female,0,0,40,Germany
51,Private,213719,Some-college,13,Married-civ-spouse,Adm-clerical,Husband,White,Male,0,1504,40,United-States
28,Private,165017,Some-college,6,Divorced,Other-service,Own-child,White,Male,0,0,55,United-States
28,Private,143865,Assoc-voc,9,Never-married,Transport-moving,Husband,White,Male,0,1980,10,United-States
47,Private,280483,HS-grad,10,Married-civ-spouse,Tech-support,Husband,White,Male,0,0,55,United-States
66,Private,112362,Bachelors,13,Divorced,Sales,Other-relative,White,Male,0,0,50,United-States
27,Private,63363,Bachelors,13,Divorced,Sales,Other-relative,White,Male,10605,0,60,United-States
21,Private,269786,11th,10,Divorced,Farming-fishing,Not-in-family,Other,Female,0,0,60,United-States
52,Private,70377,Some-college,5,Never-married,Craft-repair,Not-in-family,White,Male,0,0,45,United-States
32,Private,241153,HS-grad,10,Never-married,Adm-clerical,Own-child,White,Male,0,0,55,United-States
52,Local-gov,304872,Some-college,13,Divorced,Exec-managerial,Own-child,White,Male,0,0,50,United-States
24,Private,128170,12th,13,Married-civ-spouse,Other-service,Not-in-family,Asian-Pac-Islander,Female,0,0,40,United-States
43,Private,148171,Masters,11,Divorced,Handlers-cleaners,Unmarried,White,Male,4064,0,40,Japan
17,Private,96226,HS-grad,9,Married-civ-spouse,Other-service,Own-child,White,Male,0,0,45,United-States
48,Private,315321,Bachelors,10,Married-civ-spouse,Other-service,Other-relative,White,Male,0,0,45,United-States
31,State-gov,260617,HS-grad,9,Married-civ-spouse,Craft-repair,Husband,White,Male,0,0,40,United-States
34,State-gov,381357,Masters,9,Never-married,Exec-managerial,Husband,Black,Male,0,0,40,United-States
44,Self-emp-not-inc,175526,Bachelors,10,Never-married,Adm-clerical,Husband,Asian-Pac-Islander,Female,0,0,38,United-States
30,Private,200618,Bachelors,9,Never-married,Craft-repair,Unmarried,White,Male,3464,0,30,United-States
63,Private,185385,Some-college,14,Married-civ-spouse,Handlers-cleaners,Own-child,White,Female,3103,0,84,United-States
47,Private,251305,Some-college,9,Widowed,Sales,Husband,White,Male,10520,0,28,Cuba
20,Private,184026,HS-grad,6,Never-married,Prof-specialty,Husband,White,Male,0,0,27,United-States
51,Private,155434,Assoc-acdm,9,Widowed,Prof-specialty,Husband,White,Male,0,0,50,United-States
41,Private,190350,HS-grad,13,Never-married,Sales,Other-relative,White,Female,7298,0,26,United-States
20,Private,186191,Bachelors,9,Married-civ-spouse,Exec-managerial,Own-child,White,Male,0,0,45,United-States
51,,83930,Prof-school,9,Married-civ-spouse,Tech-support,Husband,White,Female,0,0,44,United-States
81,Self-emp-not-inc,75227,Some-college,5,Divorced,Craft-repair,Husband,White,Male,0,0,40,United-States
70,,157391,Bachelors,10,Married-civ-spouse,Handlers-cleaners,Own-child,White,Female,0,0,40,United-States
49,Private,333530,Some-college,5,Separated,Other-service,Not-in-family,White,Male,0,0,45,United-States
40,State-gov,186909,Assoc-acdm,9,Married-civ-spouse,Exec-managerial,Husband,White,Female,0,0,30,United-States
28,Private,194981,11th,2,Divorced,Machine-op-inspct,Husband,White,Male,0,0,38,United-States
61,Private,36186,Bachelors,7,Never-married,Sales,Husband,Black,Male,0,0,25,United-States
42,Private,160340,7th-8th,9,Divorced,Exec-managerial,Wife,White,Male,0,0,40,United-States
44,Local-gov,102359,Some-college,7,Never-married,Other-service,Not-in-family,White,Female,0,0,40,United-States
28,Private,637080,HS-grad,16,Divorced,Prof-specialty,Husband,White,Male,0,0,40,China
52,Private,323139,HS-grad,13,Married-civ-spouse,,Wife,White,Female,0,0,40,United-States
37,Private,343847,Bachelors,10,Never-married,Exec-managerial,Unmarried,White,Female,0,0,40,United-States
22,Private,143538,Some-college,13,Never-married,Protective-serv,Husband,White,Male,0,0,50,United-States
61,Private,131230,HS-grad,9,Widowed,Prof-specialty,Own-child,White,Male,0,0,20,United-States
52,Private,193871,Assoc-voc,14,Never-married,Craft-repair,Other-relative,White,Male,0,1672,45,United-States
50,,23157,Some-college,9,Divorced,Other-service,Not-in-family,Black,Male,0,1902,60,United-States
27,Private,173047,HS-grad,5,Married-civ-spouse,Craft-repair,Own-child,White,Male,7688,0,35,United-States
23,Private,368476,Some-college,9,Never-married,Prof-specialty,Own-child,White,Male,0,0,40,United-States
42,Private,222596,HS-grad,9,Married-civ-spouse,Sales,Husband,Black,Male,0,0,40,United-States
34,State-gov,167515,HS-grad,14,Married-civ-spouse,Machine-op-inspct,Not-in-family,White,Male,0,0,40,United-States
42,Private,137304,Bachelors,10,Never-married,Exec-managerial,Husband,White,Male,0,0,45,Mexico
52,Private,94991,HS-grad,9,Separated,Sales,Husband,Asian-Pac-Islander,Male,0,0,40,United-States
44,Self-emp-inc,234648,HS-grad,9,Widowed,Adm-clerical,Not-in-family,White,Male,0,0,50,United-States
42,Private,203488,Bachelors,13,Married-civ-spouse,Adm-clerical,Not-in-family,White,Male,0,0,40,United-States
46,State-gov,22201,7th-8th,10,Never-married,Other-service,Own-child,White,Female,0,1977,45,United-States
43,Private,110150,HS-grad,10,Married-civ-spouse,Adm-clerical,Husband,White,Male,0,0,40,Columbia
41,Federal-gov,126845,Some-college,15,Married-civ-spouse,Handlers-cleaners,Husband,White,Male,0,0,40,United-States
38,Self-emp-not-inc,187424,5th-6th,6,Married-civ-spouse,Other-service,Husband,White,Female,0,0,50,United-States
31,State-gov,111895,Assoc-voc,10,Divorced,Transport-moving,Not-in-family,White,Male,0,0,35,United-States
44,Private,160151,HS-grad,14,Divorced,Handlers-cleaners,Own-child,White,Male,0,0,46,United-States
32,Self-emp-not-inc,129586,Assoc-voc,10,Never-married,Sales,Husband,White,Female,0,1741,50,United-States
48,Private,312881,Some-college,13,Married-civ-spouse,Sales,Husband,White,Male,0,0,26,United-States
24,Self-emp-not-inc,49657,Bachelors,9,Never-married,Other-service,Unmarried,White,Male,0,0,40,United-States
55,Private,314525,5th-6th,15,Married-civ-spouse,Other-service,Unmarried,Black,Male,0,0,50,United-States
30,Private,252903,Masters,9,Married-civ-spouse,Handlers-cleaners,Not-in-family,Black,Male,0,0,35,United-States
35,Federal-gov,45607,HS-grad,9,Never-married,,Wife,White,Female,0,0,35,United-States
53,State-gov,118108,Some-college,16,Married-civ-spouse,Prof-specialty,Not-in-family,Black,Male,0,0,40,United-States
50,Private,242375,HS-grad,13,Never-married,Sales,Own-child,White,Male,0,0,55,United-States
51,Private,433330,HS-grad,9,Never-married,Transport-moving,Not-in-family,White,Female,0,0,40,United-States
35,Private,176146,Some-college,13,Married-civ-spouse,,Husband,White,Female,0,0,40,United-States
39,Private,25051,Some-college,9,Never-married,Exec-managerial,Husband,Black,Female,0,0,50,
28,Private,154076,HS-grad,11,Married-civ-spouse,Other-service,Not-in-family,White,Male,0,0,40,China
39,Private,126675,Prof-school,14,Married-civ-spouse,Transport-moving,Husband,White,Male,0,0,90,United-States
51,Private,114059,Some-college,15,Separated,Adm-clerical,Husband,White,Female,1797,0,40,United-States
41,Private,82285,Bachelors,11,Never-married,Sales,Husband,White,Female,0,0,40,United-States
25,Private,193130,10th,13,Separated,Adm-clerical,Husband,White,Male,0,0,30,United-States
40,Self-emp-not-inc,202373,Bachelors,14,Never-married,Craft-repair,Husband,White,Female,0,2377,50,United-States
25,,108542,HS-grad,9,Widowed,Machine-op-inspct,Husband,White,Female,3464,0,30,United-States
24,Private,315287,HS-grad,5,Married-civ-spouse,Sales,Husband,Asian-Pac-Islander,Male,0,0,20,United-States
21,Self-emp-inc,101812,HS-grad,4,Divorced,Priv-house-serv,Unmarried,White,Male,3103,0,40,United-States
38,Private,194772,Assoc-voc,5,Never-married,Adm-clerical,Not-in-family,White,Female,0,0,37,United-States
58,Self-emp-not-inc,185041,HS-grad,10,Married-civ-spouse,Prof-specialty,Not-in-family,White,Female,0,0,40,United-States
34,Private,204641,HS-grad,13,Married-civ-spouse,Adm-clerical,Not-in-family,White,Male,0,0,40,United-States
41,Private,142712,Assoc-voc,14,Never-married,Sales,Husband,White,Male,0,0,60,United-States
28,Private,182691,7th-8th,10,Married-civ-spouse,Protective-serv,Husband,White,Male,0,0,97,United-States
29,Local-gov,87284,Some-college,9,Separated,Other-service,Husband,White,Female,0,0,40,United-States
57,Private,237341,Some-college,9,Married-civ-spouse,Transport-moving,Own-child,White,Male,0,0,40,United-States
52,Private,311764,HS-grad,16,Married-civ-spouse,Craft-repair,Not-in-family,White,Male,0,0,50,United-States
56,Private,206861,Bachelors,14,Never-married,Prof-specialty,Own-child,White,Male,0,0,40,United-States
20,Private,157612,HS-grad,10,Never-married,Sales,Not-in-family,White,Male,0,0,50,United-States
59,,175878,Bachelors,6,Separated,Adm-clerical,Husband,White,Female,0,0,25,United-States
50,Local-gov,233327,HS-grad,9,Married-civ-spouse,Other-service,Husband,White,Male,99999,0,10,United-States
21,Private,315143,11th,11,Married-civ-spouse,Adm-clerical,Husband,Black,Male,0,0,45,United-States
49,Private,322208,Bachelors,16,Married-civ-spouse,Adm-clerical,Own-child,Asian-Pac-Islander,Male,0,0,40,United-States
55,Private,151799,Bachelors,10,Married-civ-spouse,Sales,Husband,White,Male,0,0,40,United-States
50,State-gov,115215,Assoc-acdm,9,Divorced,Handlers-cleaners,Not-in-family,White,Male,0,0,40,United-States
32,Private,162228,7th-8th,13,Never-married,Sales,Own-child,White,Male,0,0,5,Mexico
77,Self-emp-not-inc,217663,HS-grad,9,Married-civ-spouse,Adm-clerical,Wife,White,Male,0,2258,50,Canada
37,Private,53833,Bachelors,9,Married-civ-spouse,Handlers-cleaners,Not-in-family,White,Male,0,0,24,United-States
69,,289982,HS-grad,13,Married-civ-spouse,Sales,Other-relative,White,Male,0,0,10,United-States
18,Self-emp-inc,52262,HS-grad,13,Married-civ-spouse,Craft-repair,Own-child,White,Male,0,0,38,Mexico
29,State-gov,200471,Some-college,10,Married-civ-spouse,Other-service,Own-child,White,Female,0,0,50,United-States
21,,37440,11th,9,Separated,,Own-child,White,Male,0,1740,40,United-States
58,Private,41643,Assoc-acdm,10,Separated,Prof-specialty,Husband,White,Male,0,0,50,United-States
82,State-gov,132222,HS-grad,9,Married-civ-spouse,Prof-specialty,Husband,Black,Male,0,0,15,United-States
64,Private,29865,10th,4,Divorced,Priv-house-serv,Own-child,White,Male,0,0,72,
38,Self-emp-inc,94242,HS-grad,7,Married-civ-spouse,Handlers-cleaners,Own-child,White,Female,99999,0,40,United-States
40,Self-emp-not-inc,160654,Bachelors,10,Married-civ-spouse,Tech-support,Husband,White,Male,2174,0,40,Canada
50,Private,166386,Some-college,9,Married-civ-spouse,Prof-specialty,Not-in-family,White,Male,0,0,40,United-States
18,Private,325596,HS-grad,9,Never-married,Sales,Unmarried,White,Male,0,0,60,United-States
30,State-gov,94741,Bachelors,9,Married-civ-spouse,Adm-clerical,Husband,White,Male,0,0,40,United-States
29,Private,219137,HS-grad,9,Married-civ-spouse,Craft-repair,Husband,White,Female,0,0,40,United-States
46,Self-emp-inc,163229,Some-college,15,Never-married,Adm-clerical,Not-in-family,White,Female,6849,0,50,United-States
47,Private,145246,Some-college,10,Divorced,Machine-op-inspct,Husband,White,Male,0,0,40,United-States
23,Private,25826,Some-college,9,Never-married,Sales,Not-in-family,Asian-Pac-Islander,Male,0,0,45,United-States
59,Private,305379,Some-college,10,Divorced,Exec-managerial,Not-in-family,Other,Female,0,0,45,United-States
40,Federal-gov,178478,Some-college,10,Married-civ-spouse,Craft-repair,Husband,White,Male,0,0,40,United-States
28,Private,170797,Some-college,13,Married-civ-spouse,Exec-managerial,Husband,White,Female,0,0,5,United-States
27,Private,214385,Assoc-voc,12,Married-spouse-absent,Other-service,Not-in-family,White,Male,0,2415,25,United-States
25,Local-gov,247043,HS-grad,13,Married-civ-spouse,,Own-child,White,Male,0,0,50,United-States
46,Private,102936,11th,4,Never-married,Machine-op-inspct,Own-child,White,Female,0,0,40,United-States
52,Private,194590,Bachelors,10,Married-civ-spouse,Prof-specialty,Unmarried,Amer-Indian-Eskimo,Male,0,0,40,United-States
65,Self-emp-not-inc,84774,Assoc-voc,9,Never-married,Handlers-cleaners,Own-child,White,Male,0,0,13,United-States
34,Private,214637,Some-college,10,Married-civ-spouse,Exec-managerial,Not-in-family,White,Female,99999,0,10,
21,Private,123393,Some-college,13,Married-civ-spouse,Sales,Husband,Asian-Pac-Islander,Female,0,1669,40,United-States
64,Private,235197,12th,9,Married-civ-spouse,Adm-clerical,Unmarried,White,Male,0,0,38,United-States
23,Private,117618,Masters,13,Never-married,Craft-repair,Unmarried,White,Male,0,0,40,United-States
18,Self-emp-not-inc,130408,HS-grad,2,Married-civ-spouse,Prof-specialty,Husband,White,Male,0,0,24,United-States
36,Private,213209,Bachelors,13,Never-married,,Not-in-family,White,Male,0,0,30,United-States
43,Private,139843,Some-college,13,Never-married,Exec-managerial,Not-in-family,White,Female,0,0,20,Canada
35,Private,175221,HS-grad,13,Married-civ-spouse,Prof-specialty,Husband,White,Male,0,0,40,United-States
22,Private,110998,HS-grad,10,Never-married,Protective-serv,Other-relative,White,Male,0,0,60,Jamaica
54,Private,173495,11th,14,Divorced,Adm-clerical,Own-child,White,Male,0,0,40,United-States
63,Private,113436,Some-college,9,Never-married,Adm-clerical,Husband,White,Male,0,0,40,United-States
45,Federal-gov,209103,HS-grad,7,Never-married,Adm-clerical,Not-in-family,White,Male,0,0,40,United-States
43,Local-gov,217971,Some-college,10,Divorced,Transport-moving,Wife,White,Male,0,0,50,United-States
23,Private,347132,HS-grad,13,Never-married,Other-service,Not-in-family,White,Male,0,0,50,Iran
38,Private,163985,HS-grad,9,Divorced,Other-service,Not-in-family,White,Female,0,0,40,United-States
51,Private,145419,Bachelors,9,Divorced,Exec-managerial,Not-in-family,White,Male,0,0,40,United-States
29,,68982,HS-grad,13,Married-civ-spouse,,Unmarried,White,Female,0,0,24,
53,Private,240857,HS-grad,11,Divorced,Craft-repair,Husband,White,Male,0,0,20,Ecuador
39,Private,228373,Bachelors,10,Separated,Sales,Not-in-family,Amer-Indian-Eskimo,Female,0,0,40,United-States
50,Private,107584,Assoc-voc,13,Never-married,Prof-specialty,Own-child,White,Male,0,0,48,United-States
23,Private,312667,Bachelors,9,Married-civ-spouse,Sales,Not-in-family,White,Male,0,0,40,United-States
72,Self-emp-not-inc,139272,Bachelors,9,Married-civ-spouse,Handlers-cleaners,Not-in-family,White,Male,0,2392,40,United-States
64,Private,361561,1st-4th,10,Never-married,Other-service,Unmarried,Amer-Indian-Eskimo,Male,0,0,40,United-States
50,Private,101709,Assoc-acdm,13,Married-civ-spouse,Exec-managerial,Husband,Black,Male,0,0,40,United-States
29,Private,37783,HS-grad,9,Never-married,Transport-moving,Unmarried,White,Male,0,0,40,United-States
28,Private,89644,HS-grad,9,Married-civ-spouse,Machine-op-inspct,Husband,White,Female,0,0,40,United-States
58,State-gov,387430,10th,9,Separated,Exec-managerial,Husband,White,Male,0,0,15,El-Salvador
41,Private,107411,Bachelors,9,Never-married,Transport-moving,Husband,White,Male,0,1672,40,United-States
48,Private,242464,HS-grad,15,Divorced,Craft-repair,Own-child,White,Male,0,0,40,United-States
59,Private,594187,HS-grad,9,Never-married,Prof-specialty,Not-in-family,White,Male,0,0,50,United-States
21,Self-emp-not-inc,124793,Bachelors,13,Divorced,Other-service,Husband,White,Male,0,1887,70,United-States
55,Private,145935,Some-college,10,Never-married,Transport-moving,Own-child,Black,Male,0,0,60,United-States
22,Local-gov,336598,Masters,9,Divorced,Craft-repair,Not-in-family,Black,Male,0,0,35,United-States
44,Private,263925,Some-college,5,Married-civ-spouse,Adm-clerical,Own-child,White,Female,0,0,40,United-States
69,Self-emp-not-inc,178688,HS-grad,9,Married-civ-spouse,Protective-serv,Husband,White,Male,0,0,45,United-States
58,Private,177522,Bachelors,10,Never-married,Prof-specialty,Husband,Black,Female,0,0,40,South
47,Private,226267,Doctorate,9,Never-married,Prof-specialty,Other-relative,White,Male,0,0,15,United-States
37,Private,40269,Bachelors,9,Divorced,Protective-serv,Own-child,Asian-Pac-Islander,Female,0,0,40,United-States
38,Private,378546,Bachelors,12,Never-married,Craft-repair,Husband,White,Male,0,0,40,England
39,Private,151053,Some-college,9,Divorced,Exec-managerial,Husband,Black,Female,0,0,32,United-States
26,Private,275726,HS-grad,9,Never-married,,Own-child,White,Female,0,0,50,United-States
73,State-gov,31339,Bachelors,13,Married-civ-spouse,Craft-repair,Husband,White,Male,0,0,40,United-States
62,Private,223594,HS-grad,13,Married-civ-spouse,Prof-specialty,Wife,White,Female,1506,0,30,United-States
27,Private,203488,9th,6,Widowed,Adm-clerical,Wife,White,Female,0,0,40,United-States
40,Private,324019,Bachelors,10,Never-married,Machine-op-inspct,Husband,White,Male,0,0,40,United-States
23,Federal-gov,157425,HS-grad,9,Never-married,Sales,Husband,White,Male,0,0,40,United-States
47,Private,23778,7th-8th,9,Married-civ-spouse,Adm-clerical,Unmarried,White,Male,0,0,45,United-States
19,Private,213349,HS-grad,13,Married-civ-spouse,Sales,Other-relative,White,Male,0,0,40,United-States
39,Private,126501,HS-grad,10,Married-civ-spouse,Transport-moving,Husband,White,Male,0,0,40,United-States
42,Private,159580,HS-grad,11,Never-married,Prof-specialty,Husband,White,Male,0,0,40,United-States
36,Private,92288,Some-college,9,Married-civ-spouse,Sales,Not-in-family,White,Male,0,0,50,United-States
46,Federal-gov,104196,Some-college,9,Separated,Prof-specialty,Husband,White,Male,0,0,40,United-States
30,State-gov,155190,Assoc-acdm,10,Never-married,Adm-clerical,Husband,White,Male,0,0,20,United-States
34,Private,122206,Bachelors,9,Never-married,Prof-specialty,Own-child,Asian-Pac-Islander,Male,0,0,50,United-States
23,Private,420629,12th,10,Married-civ-spouse,Craft-repair,Husband,White,Male,0,0,40,United-States
50,Private,197290,Bachelors,14,Divorced,Adm-clerical,Unmarried,White,Male,0,0,40,Philippines
43,Private,91189,11th,10,Divorced,,Own-child,White,Male,7298,0,20,United-States
38,Private,49087,9th,7,Divorced,Machine-op-inspct,Husband,White,Male,0,0,40,United-States
49,State-gov,145441,11th,2,Married-civ-spouse,Sales,Husband,White,Male,0,0,20,United-States
26,Private,212495,Some-college,10,Never-married,Adm-clerical,Husband,White,Male,15024,0,35,Taiwan
36,Private,227800,HS-grad,9,Married-civ-spouse,Protective-serv,Husband,White,Male,0,0,60,United-States
21,Federal-gov,195727,1st-4th,13,Never-married,Exec-managerial,Own-child,White,Male,0,0,40,India
41,Self-emp-not-inc,154076,HS-grad,14,Married-civ-spouse,Sales,Not-in-family,White,Male,99999,0,40,United-States
47,Private,178815,HS-grad,14,Never-married,Craft-repair,Not-in-family,White,Male,594,0,40,United-States
34,,186788,Bachelors,9,Married-civ-spouse,Adm-clerical,Not-in-family,White,Female,0,0,32,United-States
28,Federal-gov,204515,Bachelors,13,Married-civ-spouse,Sales,Husband,White,Male,114,0,50,
27,Private,200677,Masters,9,Married-civ-spouse,,Own-child,White,Female,0,0,45,United-States
34,Self-emp-not-inc,218311,Some-college,10,Married-civ-spouse,Sales,Husband,White,Male,7688,0,40,
73,Private,239723,Some-college,10,Never-married,Prof-specialty,Husband,White,Female,0,0,40,Italy
51,State-gov,190895,HS-grad,10,Never-married,Prof-specialty,Husband,White,Female,0,0,40,United-States
32,Private,153078,10th,15,Never-married,Other-service,Not-in-family,White,Male,0,0,40,United-States
41,Private,218343,Assoc-voc,13,Widowed,Machine-op-inspct,Husband,White,Male,0,0,40,United-States
56,Private,66872,HS-grad,9,Married-civ-spouse,Prof-specialty,Not-in-family,White,Male,0,0,15,United-States
34,Private,102308,HS-grad,13,Divorced,Exec-managerial,Husband,White,Male,0,0,35,United-States
37,Private,197764,Bachelors,9,Married-civ-spouse,Farming-fishing,Own-child,White,Female,15024,0,43,United-States
25,Private,162028,Masters,14,Married-spouse-absent,Sales,Husband,White,Male,0,0,40,United-States
24,Private,24982,Some-college,9,Married-civ-spouse,Machine-op-inspct,Not-in-family,Asian-Pac-Islander,Male,15024,0,40,United-States
41,Federal-gov,89419,HS-grad,10,Widowed,Sales,Own-child,White,Female,0,0,60,United-States
18,,190350,Bachelors,9,Never-married,Machine-op-inspct,Not-in-family,White,Male,0,0,40,United-States
29,Private,264651,Masters,9,Divorced,Exec-managerial,Own-child,White,Male,0,0,42,United-States
22,Local-gov,46746,Bachelors,6,Never-married,Sales,Own-child,Black,Male,0,0,30,United-States
40,Private,352640,HS-grad,9,Never-married,Sales,Husband,White,Male,0,0,50,United-States
70,Private,301007,HS-grad,3,Never-married,Other-service,Own-child,White,Male,3908,0,20,United-States
26,Local-gov,177120,9th,13,Separated,Prof-specialty,Not-in-family,White,Female,0,0,50,United-States
34,Private,202872,HS-grad,13,Married-civ-spouse,Prof-specialty,Own-child,White,Male,0,0,40,United-States
18,Private,280410,Some-college,8,Never-married,Transport-moving,Wife,White,Male,0,0,50,United-States
19,Private,223267,HS-grad,15,Never-married,Adm-clerical,Husband,White,Female,0,0,40,United-States
49,Private,157145,HS-grad,7,Married-civ-spouse,Adm-clerical,Husband,Black,Male,99999,0,20,United-States
47,Local-gov,334291,Doctorate,10,Married-civ-spouse,Exec-managerial,Not-in-family,White,Female,0,0,45,United-States
29,Private,223881,Assoc-voc,9,Never-married,Sales,Husband,White,Male,0,0,30,United-States
67,,277192,Assoc-acdm,13,Married-civ-spouse,Exec-managerial,Husband,Other,Male,0,0,30,United-States
24,Private,139290,5th-6th,10,Never-married,,Not-in-family,White,Male,0,0,32,United-States
39,State-gov,126540,Masters,10,Married-civ-spouse,Sales,Own-child,White,Male,1506,0,55,United-States
35,Self-emp-not-inc,117651,Bachelors,12,Married-civ-spouse,Exec-managerial,Not-in-family,White,Female,15024,0,40,United-States
44,,224849,HS-grad,9,Married-civ-spouse,Adm-clerical,Husband,White,Male,0,0,40,United-States
37,Self-emp-not-inc,159732,Bachelors,9,Never-married,Prof-specialty,Husband,White,Male,0,0,35,United-States
26,Private,84306,HS-grad,9,Married-civ-spouse,Machine-op-inspct,Not-in-family,White,Female,0,0,40,United-States
26,Private,60267,HS-grad,6,Widowed,Adm-clerical,Own-child,White,Female,0,0,12,United-States
33,Private,134566,HS-grad,13,Married-civ-spouse,Sales,Not-in-family,White,Male,0,1719,20,United-States
38,Local-gov,305846,Bachelors,13,Never-married,Exec-managerial,Husband,White,Female,0,0,24,United-States
46,Private,203463,HS-grad,9,Divorced,Exec-managerial,Not-in-family,White,Male,0,0,40,Puerto-Rico
30,Private,98080,HS-grad,5,Married-civ-spouse,Prof-specialty,Own-child,Asian-Pac-Islander,Male,0,0,40,United-States
28,Self-emp-not-inc,116910,HS-grad,9,Divorced,Handlers-cleaners,Husband,White,Male,7298,0,80,United-States
27,Local-gov,234901,Some-college,14,Married-civ-spouse,Prof-specialty,Husband,White,Male,0,0,40,United-States
34,Self-emp-inc,294913,Some-college,9,Never-married,Prof-specialty,Not-in-family,White,Male,0,0,40,United-States
45,Federal-gov,142719,Some-college,10,Divorced,Farming-fishing,Husband,White,Male,0,0,30,United-States
45,Private,195216,Some-college,9,Married-civ-spouse,Prof-specialty,Own-child,White,Male,0,0,45,United-States
17,Private,96262,HS-grad,13,Never-married,Craft-repair,Husband,White,Female,0,0,50,United-States
29,,521400,HS-grad,9,Divorced,Adm-clerical,Own-child,Asian-Pac-Islander,Female,0,0,40,United-States
29,Private,211032,HS-grad,13,Separated,Transport-moving,Husband,White,Male,0,0,40,United-States
38,Private,210295,10th,13,Divorced,Tech-support,Own-child,White,Male,15024,1092,45,United-States
44,Private,186648,Masters,9,Married-civ-spouse,Exec-managerial,Husband,White,Male,0,0,40,Hungary
40,Federal-gov,305446,HS-grad,9,Married-civ-spouse,Craft-repair,Not-in-family,White,Male,0,0,40,United-States
26,Federal-gov,249351,HS-grad,10,Married-civ-spouse,Prof-specialty,Own-child,White,Male,0,0,50,United-States
31,Private,454843,HS-grad,5,Married-civ-spouse,Prof-specialty,Own-child,White,Female,0,0,50,United-States
33,Private,271012,HS-grad,9,Separated,Other-service,Unmarried,White,Male,3103,0,1,United-States
41,Private,65950,HS-grad,7,Never-married,Other-service,Husband,Black,Male,0,0,8,United-States
31,Self-emp-inc,22211,HS-grad,9,Married-civ-spouse,Tech-support,Own-child,White,Female,0,0,40,United-States
31,Private,199085,9th,3,Never-married,Exec-managerial,Own-child,White,Female,0,0,17,United-States
36,Private,278220,Assoc-voc,13,Married-civ-spouse,Sales,Husband,White,Male,0,0,60,United-States
50,Self-emp-inc,154571,Bachelors,14,Never-married,Craft-repair,Not-in-family,Other,Male,0,0,45,United-States
63,Federal-gov,283969,HS-grad,10,Never-married,Prof-specialty,Husband,Black,Male,0,0,40,United-States
34,Self-emp-inc,103986,Bachelors,10,Married-civ-spouse,Sales,Husband,White,Female,0,0,50,United-States
24,Private,189107,HS-grad,10,Divorced,Prof-specialty,Own-child,White,Female,0,1902,40,United-States
38,Private,539864,Some-college,11,Married-civ-spouse,Exec-managerial,Not-in-family,White,Female,0,0,60,United-States
23,Private,206609,Masters,9,Never-married,Craft-repair,Husband,White,Male,0,0,40,Mexico
59,Private,120131,HS-grad,10,Married-civ-spouse,Tech-support,Other-relative,White,Male,0,0,20,United-States
49,State-gov,272960,HS-grad,9,Divorced,Transport-moving,Husband,White,Female,0,0,40,Canada
20,Private,64631,HS-grad,13,Widowed,Sales,Own-child,White,Female,0,0,18,Philippines
23,Private,70240,Some-college,13,Married-civ-spouse,Craft-repair,Husband,White,Male,0,0,42,United-States
46,Private,161944,Bachelors,13,Never-married,Exec-managerial,Husband,White,Female,0,0,30,United-States
27,Private,69107,HS-grad,10,Divorced,Tech-support,Own-child,White,Male,7688,0,50,United-States
51,Private,248978,12th,13,Divorced,Adm-clerical,Wife,White,Female,0,0,40,Nicaragua
53,,235826,Some-college,10,Never-married,Craft-repair,Husband,White,Male,0,0,25,United-States
29,Private,257849,Bachelors,9,Married-civ-spouse,Craft-repair,Husband,Black,Female,0,0,40,
43,State-gov,137076,Some-college,11,Married-civ-spouse,Craft-repair,Not-in-family,White,Male,0,0,55,United-States
19,Private,278576,Some-college,9,Married-civ-spouse,Exec-managerial,Husband,White,Male,0,0,40,United-States
41,State-gov,170916,Assoc-acdm,10,Never-married,Machine-op-inspct,Not-in-family,White,Female,0,0,45,United-States
28,Private,290504,11th,11,Divorced,Craft-repair,Other-relative,White,Male,13550,0,40,United-States
57,Private,248344,Some-college,6,Never-married,Transport-moving,Wife,White,Male,0,0,30,United-States
47,Private,102479,Some-college,10,Married-civ-spouse,Craft-repair,Wife,White,Male,0,0,40,United-States
31,State-gov,169426,HS-grad,13,Separated,Other-service,Not-in-family,White,Male,0,0,40,United-States
53,Private,151793,Bachelors,14,Never-married,Sales,Husband,Amer-Indian-Eskimo,Male,0,0,40,United-States
38,Private,204577,5th-6th,9,Never-married,Machine-op-inspct,Husband,White,Male,0,0,40,United-States
35,Private,197827,Some-college,6,Married-civ-spouse,Sales,Husband,White,Male,0,0,65,United-States
38,Private,160107,Bachelors,9,Married-civ-spouse,Other-service,Own-child,White,Female,0,0,40,England
20,Private,322143,HS-grad,4,Married-civ-spouse,Other-service,Not-in-family,Asian-Pac-Islander,Male,0,0,45,Canada
37,Private,167005,Masters,9,Never-married,Adm-clerical,Not-in-family,White,Male,0,0,40,United-States
46,Private,120539,11th,6,Married-civ-spouse,Other-service,Not-in-family,White,Male,0,0,40,United-States
51,Private,123011,HS-grad,13,Divorced,Exec-managerial,Unmarried,White,Male,0,0,40,United-States
41,Local-gov,220421,10th,12,Divorced,Sales,Husband,White,Male,0,0,40,Guatemala
26,Self-emp-not-inc,132551,Preschool,14,Married-civ-spouse,Prof-specialty,Own-child,White,Male,0,0,50,United-States
73,Private,274276,Masters,13,Married-civ-spouse,Exec-managerial,Other-relative,White,Male,0,0,40,United-States
63,Private,164530,Assoc-acdm,10,Never-married,Craft-repair,Own-child,White,Male,0,0,40,United-States
31,,178931,HS-grad,9,Married-civ-spouse,Craft-repair,Husband,White,Male,0,0,15,United-States
38,Private,188612,Bachelors,9,Married-civ-spouse,Adm-clerical,Husband,White,Male,0,0,40,United-States
27,Federal-gov,194698,Bachelors,9,Divorced,Craft-repair,Husband,White,Male,0,0,40,United-States
43,Private,214008,Assoc-acdm,9,Never-married,Other-service,Not-in-family,Asian-Pac-Islander,Male,0,0,40,United-States
60,Private,34722,Some-college,10,Never-married,Adm-clerical,Own-child,White,Male,0,0,40,United-States
42,Private,67317,HS-grad,13,Never-married,,Own-child,White,Male,0,0,6,United-States
42,Private,36989,HS-grad,14,Never-married,Sales,Husband,White,Male,0,0,40,United-States
20,Private,381153,Assoc-voc,16,Never-married,Exec-managerial,Unmarried,White,Male,15024,0,45,United-States
28,Self-emp-not-inc,31621,HS-grad,10,Married-civ-spouse,Exec-managerial,Not-in-family,White,Male,0,0,40,United-States
26,Private,168794,Masters,13,Divorced,,Husband,White,Male,0,0,50,United-States
31,Private,117073,Some-college,10,Widowed,Prof-specialty,Not-in-family,White,Female,0,0,8,United-States
23,Private,181863,Bachelors,14,Divorced,Handlers-cleaners,Not-in-family,White,Male,0,0,36,United-States
30,Private,284317,Some-college,10,Divorced,Adm-clerical,Husband,White,Female,7688,0,80,United-States
20,Private,263130,Bachelors,12,Divorced,Prof-specialty,Not-in-family,White,Male,0,0,40,United-States
35,Self-emp-not-inc,223131,HS-grad,10,Married-civ-spouse,Craft-repair,Husband,White,Female,0,0,40,Canada
28,Self-emp-not-inc,181020,11th,4,Married-civ-spouse,Machine-op-inspct,Husband,White,Male,0,0,40,United-States
54,Local-gov,93076,Bachelors,10,Married-civ-spouse,Other-service,Own-child,White,Male,0,0,40,United-States
29,Local-gov,303051,Bachelors,10,Married-spouse-absent,Exec-managerial,Not-in-family,White,Male,0,0,65,United-States
53,Private,229826,Bachelors,13,Never-married,Sales,Not-in-family,Black,Male,0,0,40,United-States
46,Private,88126,HS-grad,10,Never-married,Tech-support,Husband,White,Male,0,0,40,United-States
50,Private,265086,HS-grad,13,Never-married,Adm-clerical,Unmarried,White,Female,0,0,40,United-States
49,Private,140108,HS-grad,15,Divorced,Transport-moving,Wife,White,Male,0,0,40,United-States
23,Private,81540,HS-grad,9,Never-married,Transport-moving,Husband,White,Female,0,0,40,United-States
54,Private,201965,Some-college,13,Married-civ-spouse,,Own-child,White,Male,0,0,40,United-States
23,Private,27444,HS-grad,6,Never-married,Craft-repair,Husband,White,Male,0,0,45,United-States
59,Private,120478,12th,10,Divorced,Sales,Husband,Black,Male,0,1887,45,United-States
24,Private,203776,Some-college,7,Married-civ-spouse,Exec-managerial,Husband,White,Male,0,0,45,United-States
31,Private,33105,Some-college,9,Married-civ-spouse,Prof-specialty,Not-in-family,White,Male,0,0,40,United-States
57,Self-emp-not-inc,198216,HS-grad,9,Married-civ-spouse,Prof-specialty,Own-child,White,Female,0,0,40,United-States
28,Self-emp-not-inc,363219,HS-grad,11,Separated,Sales,Wife,White,Male,0,0,40,United-States
18,Federal-gov,266343,Some-college,13,Married-civ-spouse,Adm-clerical,Husband,White,Male,0,0,45,United-States
19,Private,67929,Some-college,9,Married-civ-spouse,Adm-clerical,Husband,White,Male,0,0,40,United-States
29,Private,104196,Assoc-voc,9,Never-married,Tech-support,Not-in-family,White,Male,0,0,40,United-States
39,State-gov,45869,12th,7,Married-civ-spouse,Other-service,Husband,White,Male,0,0,60,United-States
21,Private,64216,Bachelors,13,Never-married,Transport-moving,Not-in-family,White,Male,0,0,25,United-States
50,Local-gov,334633,HS-grad,9,Married-civ-spouse,Exec-managerial,Husband,White,Female,0,0,35,
32,Private,147655,HS-grad,10,Married-civ-spouse,Machine-op-inspct,Husband,White,Female,15024,0,45,Vietnam
59,Private,174413,HS-grad,10,Widowed,Craft-repair,Husband,White,Male,0,0,40,United-States
32,Private,346382,Some-college,9,Married-civ-spouse,Adm-clerical,Wife,White,Male,0,0,30,United-States
47,Private,104892,10th,13,Married-civ-spouse,Protective-serv,Husband,Black,Male,0,0,40,United-States
50,Private,107417,HS-grad,10,Married-civ-spouse,Prof-specialty,Husband,White,Female,7298,0,38,United-States
50,Private,258819,Prof-school,13,Married-civ-spouse,Exec-managerial,Husband,Other,Male,0,0,38,United-States
20,Local-gov,183224,Bachelors,13,Separated,Craft-repair,Husband,Black,Male,0,0,55,United-States
41,Private,185647,HS-grad,9,Never-married,Sales,Husband,Black,Male,0,0,30,United-States
48,Private,268276,Assoc-acdm,9,Married-civ-spouse,Sales,Husband,White,Female,0,0,40,United-States
49,Self-emp-inc,388811,Some-college,10,Married-civ-spouse,Sales,Not-in-family,White,Male,0,0,25,United-States
19,Private,337721,HS-grad,10,Married-civ-spouse,Protective-serv,Own-child,White,Female,0,0,35,Mexico
30,Private,353824,Some-college,14,Married-civ-spouse,Sales,Husband,Black,Male,0,0,35,Mexico
46,Private,254478,Assoc-acdm,11,Married-civ-spouse,Exec-managerial,Not-in-family,White,Male,0,0,40,United-States
32,State-gov,340148,Some-college,9,Divorced,Machine-op-inspct,Husband,White,Male,0,0,50,United-States
36,Private,218782,Bachelors,9,Widowed,Sales,Own-child,White,Male,2635,0,15,
58,Private,123170,Bachelors,9,Married-civ-spouse,Craft-repair,Unmarried,White,Male,0,0,40,Mexico
45,Private,185357,HS-grad,10,Married-civ-spouse,Other-service,Husband,White,Male,0,0,50,United-States
21,Private,143807,HS-grad,7,Never-married,Other-service,Own-child,White,Male,0,0,45,United-States
70,Private,264314,7th-8th,10,Married-civ-spouse,Exec-managerial,Husband,White,Female,0,0,40,United-States
31,Private,75995,Bachelors,9,Divorced,Exec-managerial,Not-in-family,White,Male,0,0,30,United-States
71,Self-emp-not-inc,281792,Assoc-acdm,13,Married-civ-spouse,Prof-specialty,Not-in-family,White,Male,0,0,40,United-States
68,State-gov,184889,Assoc-voc,9,Divorced,Prof-specialty,Husband,White,Male,0,0,30,United-States
37,Private,111961,12th,9,Never-married,Transport-moving,Unmarried,White,Male,0,0,40,United-States
44,Private,282698,Some-college,7,Married-civ-spouse,Tech-support,Own-child,White,Female,0,0,40,United-States
37,Private,409922,Some-college,13,Never-married,Adm-clerical,Husband,White,Male,0,0,15,United-States
32,Private,196348,Some-college,9,Married-civ-spouse,,Other-relative,White,Male,0,0,40,United-States
26,Private,171933,Bachelors,13,Never-married,Prof-specialty,Not-in-family,Black,Male,0,0,40,United-States
20,Private,152189,Some-college,10,Divorced,Adm-clerical,Unmarried,Black,Female,0,0,40,United-States
18,,241885,7th-8th,9,Married-civ-spouse,,Husband,White,Male,0,0,40,United-States
32,Private,78388,Some-college,2,Married-civ-spouse,Transport-moving,Husband,White,Male,0,0,40,United-States
34,Private,197286,HS-grad,9,Never-married,Prof-specialty,Own-child,White,Male,0,0,50,United-States
17,State-gov,447882,HS-grad,10,Married-civ-spouse,Sales,Not-in-family,White,Male,0,0,40,United-States
62,Private,208379,9th,12,Never-married,Adm-clerical,Own-child,White,Female,0,0,45,United-States
27,Private,108574,Bachelors,13,Never-married,Exec-managerial,Wife,Other,Male,0,0,40,United-States
43,Private,125856,Bachelors,9,Married-civ-spouse,Prof-specialty,Unmarried,Black,Male,0,0,55,United-States
59,State-gov,46807,HS-grad,13,Married-civ-spouse,Farming-fishing,Husband,White,Male,0,0,40,United-States
26,Private,82601,Masters,10,Divorced,Exec-managerial,Husband,White,Male,0,0,44,United-States
51,Private,254834,Masters,10,Married-civ-spouse,Sales,Own-child,White,Male,0,0,50,United-States
21,State-gov,409189,Some-college,9,Divorced,Sales,Own-child,White,Male,7298,0,40,United-States
25,Private,210438,Prof-school,9,Never-married,Craft-repair,Not-in-family,White,Male,0,0,40,United-States
38,Self-emp-inc,184456,Some-college,9,Married-civ-spouse,Exec-managerial,Husband,White,Male,0,0,40,United-States
55,Private,377931,Bachelors,13,Married-civ-spouse,Other-service,Husband,Black,Male,0,0,40,Mexico
41,Private,119069,Bachelors,9,Married-civ-spouse,Sales,Own-child,White,Female,0,0,60,United-States
19,State-gov,86551,Some-college,9,Never-married,,Husband,White,Male,7298,0,40,United-States
18,State-gov,155775,Some-college,14,Married-civ-spouse,Exec-managerial,Husband,Black,Female,0,0,40,United-States
45,Private,42298,Some-college,9,Never-married,Other-service,Husband,White,Female,0,0,28,United-States
52,Private,280728,HS-grad,9,Never-married,Other-service,Own-child,White,Female,0,0,55,United-States
21,Self-emp-not-inc,199346,Bachelors,10,Married-civ-spouse,Craft-repair,Own-child,White,Male,0,0,23,United-States
37,Private,94744,Bachelors,9,Married-civ-spouse,Other-service,Not-in-family,White,Male,0,0,40,United-States
52,Private,180339,Assoc-voc,10,Married-civ-spouse,Craft-repair,Unmarried,White,Male,0,0,40,United-States
57,Private,87561,Assoc-voc,10,Never-married,Craft-repair,Not-in-family,White,Female,0,0,15,United-States
28,Private,117674,Bachelors,9,Never-married,Prof-specialty,Husband,White,Male,0,0,40,United-States
34,Private,80710,12th,14,Never-married,Adm-clerical,Own-child,White,Male,5013,0,20,United-States
61,Private,45554,HS-grad,13,Married-spouse-absent,Exec-managerial,Husband,White,Male,0,0,40,United-States
57,State-gov,124827,HS-grad,13,Divorced,Other-service,Own-child,Asian-Pac-Islander,Female,0,0,37,United-States
66,Private,245626,10th,13,Divorced,Machine-op-inspct,Husband,White,Male,0,0,10,United-States
42,Self-emp-inc,156300,12th,2,Never-married,Machine-op-inspct,Husband,White,Female,0,0,70,United-States
34,Private,150154,Some-college,10,Divorced,Adm-clerical,Husband,Other,Female,0,0,30,United-States
36,Private,228406,Bachelors,10,Never-married,Sales,Own-child,White,Male,0,0,40,United-States
26,State-gov,29859,HS-grad,9,Divorced,Machine-op-inspct,Own-child,Amer-Indian-Eskimo,Male,0,0,40,United-States
68,Private,205730,Prof-school,9,Married-spouse-absent,Exec-managerial,Own-child,White,Female,0,0,40,United-States
32,Self-emp-inc,56248,Bachelors,13,Never-married,Exec-managerial,Not-in-family,White,Female,0,0,40,United-States
19,Private,263773,Some-college,13,Never-married,Tech-support,Husband,Other,Female,0,0,40,United-States
45,Private,197093,Assoc-acdm,10,Married-civ-spouse,Handlers-cleaners,Unmarried,White,Male,0,0,40,United-States
37,Private,68469,HS-grad,9,Never-married,Other-service,Husband,White,Male,0,0,45,United-States
48,State-gov,175820,12th,9,Never-married,Prof-specialty,Not-in-family,Asian-Pac-Islander,Male,0,0,30,United-States
41,Private,191834,Assoc-acdm,9,Never-married,Sales,Husband,White,Male,0,0,40,United-States
20,Private,97005,Bachelors,13,Divorced,Craft-repair,Husband,White,Male,2829,0,40,Dominican-Republic
29,Private,103064,Assoc-acdm,15,Married-civ-spouse,Sales,Unmarried,Asian-Pac-Islander,Male,27828,0,40,United-States
39,Private,251854,Doctorate,9,Married-civ-spouse,Machine-op-inspct,Husband,White,Male,0,0,40,United-States
41,Private,126132,Some-college,13,Married-civ-spouse,Protective-serv,Husband,White,Male,0,0,40,United-States
65,Private,272343,Some-college,9,Married-civ-spouse,Exec-managerial,Unmarried,White,Male,0,0,37,United-States
32,Private,164190,HS-grad,13,Married-civ-spouse,Prof-specialty,Husband,White,Male,0,0,38,Mexico
63,Private,129387,Some-college,7,Divorced,Sales,Not-in-family,White,Male,0,0,55,United-States
69,Private,193089,11th,7,Never-married,Prof-specialty,Husband,White,Male,0,0,50,United-States
40,Private,148900,HS-grad,10,Separated,Farming-fishing,Unmarried,White,Female,0,0,60,United-States
45,State-gov,227943,Bachelors,12,Married-civ-spouse,Machine-op-inspct,Husband,White,Male,0,0,55,United-States
48,Local-gov,268292,Doctorate,9,Never-married,Farming-fishing,Not-in-family,White,Female,0,0,50,United-States
38,Self-emp-not-inc,200576,Bachelors,13,Married-civ-spouse,Adm-clerical,Husband,White,Male,0,0,99,United-States
38,Private,295520,HS-grad,9,Married-civ-spouse,Tech-support,Own-child,White,Female,7298,0,40,United-States
54,Private,218178,Masters,4,Married-civ-spouse,,Husband,White,Male,0,0,40,United-States
20,Private,342121,HS-grad,13,Never-married,Adm-clerical,Not-in-family,White,Male,0,0,75,United-States
58,Private,215895,HS-grad,10,Never-married,Prof-specialty,Husband,Black,Female,0,0,40,United-States
23,Private,172304,Assoc-acdm,13,Married-civ-spouse,Adm-clerical,Husband,White,Male,0,1977,48,Mexico
40,Private,187279,Some-college,13,Divorced,Handlers-cleaners,Not-in-family,Black,Male,0,0,40,United-States
36,Private,223548,HS-grad,9,Married-civ-spouse,Farming-fishing,Not-in-family,White,Female,0,0,48,United-States
19,Private,142501,HS-grad,9,Married-civ-spouse,Prof-specialty,Husband,White,Male,15024,0,40,United-States
46,Private,66614,HS-grad,13,Married-civ-spouse,Adm-clerical,Husband,White,Male,0,0,21,United-States
58,Self-emp-inc,188823,HS-grad,10,Never-married,Sales,Not-in-family,White,Male,0,0,40,United-States
30,Private,167793,HS-grad,9,Married-civ-spouse,,Wife,Asian-Pac-Islander,Female,0,0,30,United-States
66,Self-emp-not-inc,212894,HS-grad,14,Divorced,Exec-managerial,Not-in-family,White,Female,0,0,50,United-States
61,Private,34748,HS-grad,10,Married-civ-spouse,Sales,Not-in-family,White,Female,8614,0,40,United-States
45,Private,680390,HS-grad,11,Married-civ-spouse,Sales,Unmarried,White,Male,0,0,40,United-States
48,,22201,10th,13,Never-married,Machine-op-inspct,Not-in-family,Black,Male,0,0,35,United-States
53,Private,304353,Some-college,12,Divorced,Prof-specialty,Husband,White,Male,0,0,40,United-States
41,Private,258932,Some-college,5,Divorced,Prof-specialty,Not-in-family,White,Male,2907,0,55,United-States
19,Private,30290,Some-college,7,Married-civ-spouse,Adm-clerical,Husband,White,Female,0,0,40,United-States
23,Private,189385,HS-grad,11,Never-married,Handlers-cleaners,Husband,White,Female,0,0,40,United-States
28,Private,412379,Bachelors,13,Married-civ-spouse,Craft-repair,Not-in-family,White,Female,99999,0,60,United-States
29,Private,243666,Bachelors,9,Divorced,Adm-clerical,Own-child,White,Male,0,0,16,Mexico
24,Private,233533,Some-college,10,Married-civ-spouse,Sales,Husband,White,Male,0,0,40,United-States
44,Private,306513,7th-8th,3,Divorced,Craft-repair,Not-in-family,White,Male,0,0,30,Vietnam
21,Private,32519,7th-8th,6,Divorced,,Own-child,Asian-Pac-Islander,Male,0,0,38,Italy
41,Private,202226,Some-college,10,Married-spouse-absent,Machine-op-inspct,Unmarried,White,Male,0,0,40,United-States
25,Self-emp-inc,212847,HS-grad,14,Never-married,Craft-repair,Unmarried,Black,Female,0,0,55,Poland
27,Private,141185,Some-college,13,Married-civ-spouse,Prof-specialty,Own-child,White,Male,0,0,40,United-States
21,Private,277256,11th,13,Married-civ-spouse,Exec-managerial,Husband,White,Female,0,0,12,United-States
34,Private,306164,Bachelors,10,Married-civ-spouse,Exec-managerial,Own-child,White,Female,0,0,40,Philippines
50,Private,30237,HS-grad,9,Married-civ-spouse,Sales,Wife,Black,Male,0,0,20,United-States
64,Private,348099,Assoc-voc,9,Never-married,Machine-op-inspct,Husband,White,Female,27828,0,40,United-States
26,Private,199883,Assoc-voc,4,Married-civ-spouse,Handlers-cleaners,Not-in-family,White,Male,0,0,40,United-States
39,Private,168837,HS-grad,10,Never-married,Craft-repair,Husband,White,Female,0,0,45,United-States
23,Private,237452,11th,10,Married-civ-spouse,Prof-specialty,Unmarried,White,Male,0,1902,50,Mexico
20,Private,174788,Some-college,9,Married-civ-spouse,Prof-specialty,Husband,White,Female,0,0,40,United-States
33,,164229,Prof-school,9,Never-married,Exec-managerial,Not-in-family,White,Male,7298,0,36,United-States
38,Local-gov,143385,Bachelors,13,Married-civ-spouse,Other-service,Husband,White,Male,0,0,50,Cuba
26,Private,38455,Bachelors,9,Never-married,Exec-managerial,Husband,White,Female,0,0,40,Yugoslavia
51,Private,38434,Doctorate,9,Widowed,Protective-serv,Own-child,Asian-Pac-Islander,Female,20051,0,25,Columbia
34,State-gov,196328,12th,11,Never-married,Prof-specialty,Husband,Black,Female,0,0,10,United-States
17,Private,207564,Some-college,9,Separated,,Unmarried,White,Female,0,0,50,United-States
34,Self-emp-not-inc,31264,Some-college,7,Never-married,Prof-specialty,Husband,White,Male,0,0,36,United-States
24,Private,32627,11th,14,Married-civ-spouse,Machine-op-inspct,Not-in-family,White,Female,0,1579,40,United-States
43,Private,203488,Some-college,9,Married-civ-spouse,Adm-clerical,Husband,White,Female,15024,0,40,United-States
44,Private,236426,Bachelors,10,Never-married,Craft-repair,Husband,Black,Male,0,0,50,United-States
43,Private,103986,Bachelors,9,Married-civ-spouse,Machine-op-inspct,Not-in-family,White,Male,0,0,10,United-States
52,Private,208872,HS-grad,9,Married-civ-spouse,,Not-in-family,White,Female,0,0,40,El-Salvador
28,Self-emp-not-inc,195437,Some-college,7,Widowed,Craft-repair,Own-child,White,Female,0,0,40,United-States
20,Private,204704,Some-college,9,Never-married,Prof-specialty,Husband,White,Male,0,0,40,United-States
45,Private,136413,Some-college,14,Separated,Tech-support,Own-child,White,Male,0,0,40,United-States
45,Self-emp-not-inc,369538,11th,13,Married-civ-spouse,Sales,Husband,White,Male,0,0,50,United-States
31,Private,216672,HS-grad,8,Never-married,Prof-specialty,Own-child,White,Male,0,0,48,United-States
50,Private,224361,HS-grad,15,Married-civ-spouse,Machine-op-inspct,Husband,White,Male,0,0,35,Germany
30,Private,366757,HS-grad,9,Married-civ-spouse,Farming-fishing,Not-in-family,White,Male,15024,0,60,United-States
33,Private,609789,Some-college,13,Never-married,Craft-repair,Wife,White,Male,7688,0,60,United-States
28,Self-emp-not-inc,133983,Some-college,6,Married-civ-spouse,Sales,Not-in-family,Black,Female,0,0,40,United-States
49,Private,170174,HS-grad,10,Married-civ-spouse,Transport-moving,Husband,Amer-Indian-Eskimo,Female,0,0,50,Puerto-Rico
19,Private,158810,Prof-school,10,Never-married,Machine-op-inspct,Not-in-family,White,Female,0,0,40,United-States
52,Self-emp-not-inc,96245,Some-college,13,Separated,Machine-op-inspct,Wife,White,Female,0,0,60,United-States
28,Private,374313,Bachelors,9,Married-civ-spouse,Craft-repair,Husband,Black,Female,0,0,40,United-States
74,Private,190044,10th,9,Married-civ-spouse,Sales,Unmarried,White,Male,0,0,40,United-States
21,State-gov,304463,1st-4th,12,Married-civ-spouse,Exec-managerial,Wife,White,Male,0,0,40,United-States
31,Private,278637,Bachelors,14,Married-civ-spouse,Prof-specialty,Husband,White,Male,0,0,38,United-States
29,State-gov,327323,Some-college,4,Married-civ-spouse,Transport-moving,Not-in-family,White,Male,0,0,40,United-States
59,Private,282753,Some-college,9,Married-civ-spouse,Craft-repair,Not-in-family,White,Male,0,0,50,United-States
25,,133061,Bachelors,9,Widowed,Other-service,Husband,White,Male,0,0,65,United-States
55,,155509,Some-college,10,Married-civ-spouse,Adm-clerical,Husband,White,Male,0,0,40,United-States
47,Private,184702,Assoc-acdm,13,Married-civ-spouse,Sales,Not-in-family,White,Male,0,0,54,United-States
68,,255348,HS-grad,10,Married-civ-spouse,Tech-support,Husband,White,Male,0,0,40,United-States
49,Self-emp-inc,195532,Some-college,13,Never-married,Prof-specialty,Unmarried,White,Male,0,1590,40,United-States
50,Private,102986,HS-grad,9,Never-married,Prof-specialty,Husband,White,Female,0,0,40,United-States
38,Local-gov,182342,Assoc-acdm,10,Married-civ-spouse,,Husband,White,Female,0,0,40,United-States
22,,28996,HS-grad,10,Divorced,Adm-clerical,Other-relative,White,Male,0,0,30,United-States
41,Private,132716,HS-grad,14,Married-civ-spouse,,Husband,Asian-Pac-Islander,Female,0,0,40,United-States
20,Self-emp-not-inc,204205,HS-grad,10,Married-civ-spouse,Craft-repair,Husband,White,Male,0,0,40,Mexico
23,Private,227602,Bachelors,9,Married-civ-spouse,Prof-specialty,Unmarried,White,Male,0,0,43,United-States
49,,95445,Bachelors,9,Divorced,Craft-repair,Husband,White,Male,0,0,60,United-States
36,Private,178660,HS-grad,9,Married-civ-spouse,Exec-managerial,Not-in-family,White,Female,0,0,40,United-States
22,Private,668362,Bachelors,14,Married-civ-spouse,,Husband,White,Male,0,0,40,United-States
60,Self-emp-inc,95552,Assoc-voc,10,Married-civ-spouse,Machine-op-inspct,Unmarried,White,Male,0,0,35,United-States
24,Private,116044,Bachelors,13,Never-married,Handlers-cleaners,Not-in-family,White,Male,0,0,52,United-States
46,Private,458558,Some-college,15,Married-civ-spouse,Prof-specialty,Wife,White,Male,0,0,52,United-States
36,Private,456661,Bachelors,7,Divorced,Craft-repair,Husband,White,Male,0,0,53,United-States
25,Private,102938,HS-grad,12,Married-civ-spouse,Adm-clerical,Not-in-family,White,Male,0,0,84,United-States
44,,343190,HS-grad,9,Never-married,Adm-clerical,Wife,White,Male,0,0,40,United-States
59,Private,201664,12th,10,Never-married,Sales,Husband,White,Female,0,0,12,United-States
58,Self-emp-not-inc,452640,Masters,9,Married-civ-spouse,Adm-clerical,Husband,Amer-Indian-Eskimo,Female,0,0,15,United-States
50,Private,232719,5th-6th,9,Never-married,Transport-moving,Husband,White,Female,0,0,80,United-States
21,Private,124993,HS-grad,10,Divorced,Craft-repair,Unmarried,Black,Female,0,0,24,Germany
28,State-gov,94936,Bachelors,9,Married-civ-spouse,Prof-specialty,Husband,White,Male,0,0,40,United-States
41,Private,186934,Assoc-voc,13,Married-civ-spouse,Craft-repair,Own-child,White,Male,15024,0,40,United-States
32,Private,282153,9th,9,Married-civ-spouse,Other-service,Not-in-family,White,Male,0,0,50,United-States
43,Private,191288,HS-grad,10,Married-civ-spouse,Other-service,Unmarried,White,Female,0,0,50,
27,Private,49020,12th,10,Divorced,Other-service,Husband,White,Male,0,0,40,United-States
48,Private,99233,Bachelors,10,Married-civ-spouse,Other-service,Own-child,White,Female,0,0,40,United-States
27,,153143,Some-college,13,Married-civ-spouse,,Husband,White,Female,0,0,40,United-States
44,Private,206699,Masters,13,Never-married,Other-service,Other-relative,White,Male,0,0,40,United-States
49,Private,194247,HS-grad,13,Married-civ-spouse,Prof-specialty,Not-in-family,White,Male,0,0,40,United-States
49,Private,156580,HS-grad,10,Married-civ-spouse,Sales,Not-in-family,White,Female,0,0,50,United-States
45,Private,282882,HS-grad,10,Never-married,Transport-moving,Not-in-family,White,Male,2176,0,40,United-States
38,Private,155781,Some-college,9,Never-married,Machine-op-inspct,Other-relative,White,Male,0,0,40,United-States
33,Self-emp-not-inc,176262,Masters,7,Never-married,Other-service,Own-child,White,Male,0,0,40,United-States
26,Self-emp-not-inc,149909,HS-grad,9,Married-civ-spouse,Sales,Husband,White,Female,0,0,40,United-States
29,Self-emp-not-inc,97128,Assoc-acdm,9,Married-civ-spouse,Exec-managerial,Not-in-family,Black,Male,0,0,50,United-States
22,Private,148211,Doctorate,9,Divorced,Other-service,Husband,White,Male,0,0,60,United-States
54,Self-emp-not-inc,185057,Assoc-acdm,13,Never-married,Tech-support,Own-child,White,Male,0,0,45,United-States
20,Private,47907,Some-college,10,Married-civ-spouse,Sales,Other-relative,White,Male,0,0,40,United-States
32,Private,198196,Bachelors,6,Married-civ-spouse,Sales,Unmarried,White,Female,0,0,30,United-States
63,Self-emp-not-inc,156566,Some-college,11,Married-civ-spouse,Other-service,Wife,White,Male,0,0,40,United-States
37,Private,328466,HS-grad,3,Never-married,Adm-clerical,Not-in-family,Black,Female,0,0,24,United-States
40,Private,271767,HS-grad,9,Married-civ-spouse,Tech-support,Husband,White,Male,1506,0,50,United-States
27,Private,134004,Prof-school,13,Married-civ-spouse,Craft-repair,Husband,White,Male,0,0,40,United-States
18,Private,78649,10th,10,Never-married,Adm-clerical,Husband,White,Male,0,0,40,United-States
33,Self-emp-inc,100451,Bachelors,9,Divorced,Sales,Husband,White,Male,0,0,40,United-States
29,,235882,11th,13,Married-civ-spouse,Transport-moving,Husband,White,Male,3103,0,40,United-States
20,Private,345705,11th,11,Married-civ-spouse,Adm-clerical,Not-in-family,White,Female,0,0,38,United-States
34,Private,100219,9th,9,Married-civ-spouse,,Husband,Amer-Indian-Eskimo,Female,0,0,50,United-States
50,Private,144844,Some-college,13,Divorced,Craft-repair,Husband,White,Male,0,0,50,United-States
19,Self-emp-not-inc,190968,Bachelors,13,Married-civ-spouse,Prof-specialty,Husband,White,Male,0,0,50,United-States
35,Private,138999,Bachelors,13,Married-civ-spouse,Handlers-cleaners,Wife,White,Male,0,0,40,United-States
41,Private,231263,Bachelors,9,Married-civ-spouse,Adm-clerical,Husband,White,Male,0,0,10,United-States
19,Private,159755,Some-college,9,Divorced,Sales,Husband,White,Male,0,0,40,United-States
25,Private,192337,Masters,13,Married-civ-spouse,Exec-managerial,Husband,White,Male,0,0,3,Mexico
56,Private,339897,HS-grad,9,Divorced,Exec-managerial,Husband,White,Male,0,0,40,United-States
50,Private,287031,5th-6th,9,Never-married,,Unmarried,White,Male,0,0,35,United-States
44,Private,150941,Some-college,7,Never-married,Protective-serv,Not-in-family,White,Male,0,0,50,Peru
24,State-gov,220460,Bachelors,12,Divorced,Protective-serv,Wife,White,Male,0,0,40,United-States
25,,195844,HS-grad,16,Widowed,Other-service,Own-child,White,Male,0,0,40,United-States
22,Private,139960,HS-grad,9,Divorced,Adm-clerical,Husband,White,Female,0,0,60,Guatemala
37,Private,172538,HS-grad,13,Separated,Craft-repair,Husband,Asian-Pac-Islander,Male,0,0,40,United-States
36,Private,238008,Some-college,9,Never-married,Exec-managerial,Not-in-family,White,Male,0,0,40,United-States
32,Self-emp-inc,152373,11th,3,Never-married,Other-service,Own-child,White,Male,0,0,50,United-States
53,Private,32916,Bachelors,9,Divorced,Adm-clerical,Unmarried,White,Male,0,0,40,United-States
57,Local-gov,83033,7th-8th,10,Divorced,Prof-specialty,Husband,Other,Male,0,0,50,United-States
45,Private,180752,Bachelors,10,Married-civ-spouse,Protective-serv,Husband,White,Male,0,0,40,Cambodia
33,Private,164898,Some-college,5,Married-civ-spouse,Other-service,Husband,White,Male,0,0,10,United-States
19,Private,111520,Prof-school,10,Never-married,Craft-repair,Husband,White,Male,0,0,40,United-States
41,Private,189956,12th,9,Married-civ-spouse,Exec-managerial,Own-child,White,Female,0,0,40,United-States
43,State-gov,175681,Some-college,9,Divorced,Adm-clerical,Husband,White,Female,4064,1485,40,United-States
25,Private,199499,HS-grad,10,Never-married,Adm-clerical,Husband,White,Male,6497,0,40,United-States
29,Private,209770,Some-college,10,Widowed,Sales,Not-in-family,White,Male,0,0,40,United-States
37,Private,137629,Bachelors,10,Divorced,Other-service,Not-in-family,White,Female,0,0,45,United-States
35,,132320,Masters,14,Married-civ-spouse,Craft-repair,Husband,White,Female,0,0,40,United-States
23,Federal-gov,142922,HS-grad,12,Married-civ-spouse,Prof-specialty,Wife,White,Male,0,0,40,United-States
43,Private,204486,Bachelors,14,Never-married,Adm-clerical,Not-in-family,Black,Male,0,0,75,United-States
24,Private,206553,Assoc-voc,10,Divorced,Other-service,Husband,Black,Male,0,0,60,United-States
59,Private,88564,HS-grad,13,Divorced,Exec-managerial,Husband,White,Male,0,0,40,United-States
39,Private,462838,HS-grad,13,Never-married,Exec-managerial,Husband,White,Male,0,0,50,United-States
30,Local-gov,187577,Some-college,10,Married-civ-spouse,Exec-managerial,Husband,Asian-Pac-Islander,Male,0,0,40,United-States
22,Private,236769,5th-6th,9,Married-civ-spouse,Prof-specialty,Husband,White,Female,0,0,35,United-States
23,Private,207064,Assoc-acdm,9,Married-civ-spouse,Other-service,Husband,White,Male,0,0,30,United-States
22,Private,306678,Masters,14,Separated,Handlers-cleaners,Unmarried,Amer-Indian-Eskimo,Male,0,0,60,Vietnam
23,Self-emp-not-inc,242080,5th-6th,9,Married-civ-spouse,Adm-clerical,Husband,Black,Male,0,0,8,United-States
37,Federal-gov,116632,11th,9,Married-civ-spouse,Craft-repair,Wife,White,Male,0,0,15,United-States
68,Private,267205,9th,10,Never-married,Sales,Husband,White,Male,0,0,40,United-States
52,Private,231473,9th,10,Separated,Sales,Husband,Black,Female,0,0,40,United-States
53,Private,180695,Bachelors,10,Never-married,Craft-repair,Husband,Amer-Indian-Eskimo,Female,0,0,45,United-States
51,Private,29814,9th,10,Divorced,Transport-moving,Husband,White,Female,0,0,20,United-States
46,Private,70100,7th-8th,13,Never-married,Other-service,Husband,White,Male,0,0,40,United-States
43,Self-emp-inc,143331,Some-college,10,Never-married,Sales,Husband,Black,Male,0,0,65,United-States
72,Private,213722,Bachelors,10,Never-married,Prof-specialty,Husband,White,Male,0,0,35,United-States
18,Private,165953,Some-college,9,Married-civ-spouse,Sales,Not-in-family,White,Female,0,0,60,United-States
43,Private,216116,Bachelors,9,Divorced,,Other-relative,White,Male,0,0,55,Nicaragua
37,Private,230704,Bachelors,14,Never-married,Other-service,Not-in-family,Black,Male,0,0,38,United-States
38,Private,310774,Bachelors,9,Never-married,Farming-fishing,Unmarried,White,Female,0,0,16,United-States
64,Private,105693,Masters,11,Never-married,Adm-clerical,Husband,Black,Male,0,0,30,United-States
27,Federal-gov,205339,Bachelors,13,Married-civ-spouse,Sales,Husband,White,Male,0,0,36,United-States
18,Private,113080,HS-grad,10,Married-civ-spouse,Transport-moving,Not-in-family,White,Male,0,0,40,Vietnam
33,,184831,Some-college,9,Married-civ-spouse,Prof-specialty,Husband,White,Female,0,1340,50,United-States
34,Self-emp-not-inc,218956,HS-grad,9,Married-spouse-absent,Exec-managerial,Own-child,White,Male,5013,0,45,United-States
41,Private,326048,HS-grad,10,Never-married,Craft-repair,Husband,White,Male,0,0,40,Mexico
46,Self-emp-not-inc,181087,Some-college,3,Married-civ-spouse,Other-service,Not-in-family,White,Female,0,0,40,United-States
51,State-gov,294029,HS-grad,13,Never-married,Adm-clerical,Husband,Black,Female,0,0,24,United-States
19,Private,282023,12th,4,Married-civ-spouse,Prof-specialty,Husband,White,Female,0,0,55,United-States
48,Private,242984,Bachelors,9,Never-married,Prof-specialty,Not-in-family,White,Male,0,0,40,United-States
60,Private,222162,HS-grad,13,Divorced,Craft-repair,Not-in-family,White,Male,0,0,40,United-States
36,Self-emp-inc,143822,10th,9,Married-civ-spouse,Craft-repair,Husband,White,Female,0,0,40,United-States
19,Private,126675,Masters,9,Married-civ-spouse,Handlers-cleaners,Not-in-family,White,Female,0,0,40,Haiti
45,Private,150886,HS-grad,13,Married-civ-spouse,Craft-repair,Husband,White,Male,0,0,50,United-States
33,Private,234807,HS-grad,10,Married-civ-spouse,Handlers-cleaners,Husband,White,Male,0,0,45,United-States
58,Private,176647,HS-grad,9,Married-civ-spouse,Exec-managerial,Husband,White,Female,0,0,40,United-States
42,Private,224215,HS-grad,5,Never-married,Craft-repair,Husband,White,Male,0,0,40,United-States
18,Self-emp-not-inc,413557,Some-college,10,Married-civ-spouse,,Unmarried,White,Female,0,0,15,United-States
63,,223267,Some-college,9,Married-civ-spouse,Prof-specialty,Not-in-family,Black,Male,0,0,8,United-States
30,Private,287927,Bachelors,9,Divorced,Farming-fishing,Husband,Asian-Pac-Islander,Male,0,0,32,United-States
28,Self-emp-inc,236021,Assoc-voc,9,Never-married,Adm-clerical,Husband,White,Male,0,0,40,United-States
27,Private,191935,Some-college,10,Married-civ-spouse,Prof-specialty,Husband,White,Female,0,0,10,United-States
21,Self-emp-not-inc,93705,11th,10,Married-civ-spouse,Protective-serv,Unmarried,White,Female,0,0,40,
30,,155659,Bachelors,11,Married-civ-spouse,Adm-clerical,Unmarried,White,Male,0,0,40,United-States
35,Private,185041,7th-8th,15,Married-civ-spouse,Machine-op-inspct,Not-in-family,White,Female,0,1719,35,United-States
